NEWID,GENDER_F,GENDER_M,INTAKE_DSA,INTAKE_DSA (CCA),INTAKE_IP (X),INTAKE_IP (Y),INTAKE_JAE Ordinary Admission,SEC SCHOOL_BUKIT PANJANG GOVT. HIGH SCHOOL,SEC SCHOOL_CATHOLIC HIGH SCHOOL,SEC SCHOOL_CHIJ ST. NICHOLAS GIRLS' SCHOOL,SEC SCHOOL_CHUNG CHENG HIGH SCHOOL (MAIN),SEC SCHOOL_METHODIST GIRLS' SCHOOL (SECONDARY),SEC SCHOOL_NAN HUA HIGH SCHOOL,SEC SCHOOL_SCHOOL X,SEC SCHOOL_SCHOOL Y,SEC SCHOOL__Minority_Sch,KI,FM2,CP2,PH2,CH2,BY2,EL2,ELL2,EC2,EH2,EG2,S1_2,S2_2,S3_2,S4_2,S5_2,EC1,MA3-MOE,PH3-MOE,CH3-MOE,BY3-MOE,S1_3-MOE,Foreign_Lang,H1_Arts,H1_Sci,S2_3_EC3-MOE,MA2,PTS,NO OF CCA,GP/KI,H1,H3,GP/KI_C1,MA2_C1,H1_C1,PTS_C1,PTS_Sec4,AM,EM,CIP HOURS,CCA President,CCA Sec-Treas,CCA Role,CT Rep,CIP Leader,CIP Organiser
20180001,0,1,0,0,1,0,0,0,0,0,0,0,0,1,0,0,0,0,0,1,1,0,0,0,1,0,0,0,0,0,0,0,0,0,0,0,0,0,0,0,0,0,69.5,85,1,2,0,5,3,62.3,0,70,0.235309487,1,1,13.8,0,0,0,0,0,0
20180002,1,0,0,0,0,0,1,0,0,0,0,1,0,0,0,0,0,0,0,1,1,0,0,0,1,0,0,0,0,0,0,0,0,0,0,0,0,0,0,0,0,0,84,80,1,3,0,5,4,71,0,72.5,-0.827665355,1,1,40,0,0,0,0,0,0
20180003,1,0,0,0,0,1,0,0,0,0,0,0,0,0,1,0,0,0,0,1,1,0,0,0,1,0,0,0,0,0,0,0,0,0,0,0,0,0,0,0,0,0,61.5,57.5,1,3,0,5,3,40.5,0,45,0.047531602,1,1,12.5,0,0,1,0,0,0
20180005,0,1,0,0,0,0,1,0,0,0,0,0,0,0,0,1,0,0,0,1,1,0,0,0,1,0,0,0,0,0,0,0,0,0,0,0,0,0,0,0,0,0,56.5,65,1,4,0,5,4,68.8,0,58.75,0.335696438,1,1,64.5,0,0,0,0,0,1
20180006,0,1,0,0,0,0,1,0,1,0,0,0,0,0,0,0,1,0,0,0,1,1,0,0,0,0,0,0,0,0,0,0,0,0,0,0,1,0,0,0,0,0,66.5,87.5,1,1,0,2,1,61.9,0,75,-0.245984459,1,1,52,0,0,0,0,0,0
20180007,0,1,0,0,1,0,0,0,0,0,0,0,0,1,0,0,0,0,0,1,1,0,0,0,1,0,0,0,0,0,0,0,0,0,0,0,0,0,0,0,0,0,80.5,81.25,1,2,0,5,2,77.8,0,71.25,-0.313579715,1,1,14,0,0,0,0,0,0
20180008,0,1,0,0,1,0,0,0,0,0,0,0,0,1,0,0,0,0,0,0,1,1,0,0,1,0,0,0,0,0,0,0,0,0,0,0,0,0,0,0,0,0,44,70,2,3,0,5,3,42.6,0,60,0.68308752,5,1,153.8,0,0,1,1,0,1
20180009,1,0,0,0,0,1,0,0,0,0,0,0,0,0,1,0,0,0,0,0,1,1,0,0,1,0,0,0,0,0,0,0,0,0,0,0,0,0,0,0,0,0,58.5,78.75,2,2,0,5,3,46.5,0,45,-0.356913073,1,1,264.8,0,0,1,1,0,1
20180010,1,0,0,0,0,1,0,0,0,0,0,0,0,0,1,0,0,0,0,0,1,1,0,0,1,0,0,0,0,0,0,0,0,0,0,0,0,0,0,0,0,0,61,77.5,1,3,0,5,3,55.5,0,52.5,0.134198318,1,1,120.8,1,0,0,0,0,0
20180011,1,0,0,0,0,1,0,0,0,0,0,0,0,0,1,0,0,0,0,0,1,1,0,0,1,0,0,0,0,0,0,0,0,0,0,0,0,0,0,0,0,0,72,82.5,1,1,0,5,3,54.9,0,58.75,-1.151357971,1,1,107.5,0,1,0,0,0,0
20180012,1,0,0,0,0,0,1,0,0,1,0,0,0,0,0,0,0,0,0,0,1,1,0,0,1,0,0,0,0,0,0,0,0,0,0,0,0,0,0,0,0,0,79,78.75,0,4,0,5,6,65.3,0,60,0.335696438,1,1,188,0,0,0,0,0,1
20180013,1,0,0,0,0,1,0,0,0,0,0,0,0,0,1,0,0,0,0,0,1,1,0,0,0,0,0,0,0,0,1,0,0,0,0,0,0,0,0,0,0,0,49,81.25,1,2,0,5,3,58.6,0,71.25,-0.963580086,1,1,159.3,0,0,0,0,0,1
20180014,1,0,0,0,0,0,1,0,0,0,0,0,0,0,0,1,0,0,0,0,1,1,0,0,1,0,0,0,0,0,0,0,0,0,0,0,0,0,0,0,0,0,66,73.75,1,3,0,5,3,54.8,0,56.25,0.335696438,1,1,23.3,0,0,0,0,0,0
20180015,0,1,1,0,0,0,0,1,0,0,0,0,0,0,0,0,0,0,0,1,1,0,0,0,1,0,0,0,0,0,0,0,0,1,0,0,0,0,0,0,0,0,67,85,2,2,0,3,3,76.1,0,76.25,-0.245984459,1,1,36,0,0,0,0,0,1
20180016,1,0,0,0,0,1,0,0,0,0,0,0,0,0,1,0,1,0,0,1,1,0,0,0,0,0,0,0,0,0,0,0,1,0,0,0,0,0,0,0,0,0,66.5,81.25,1,1,2,5,1,62.6,2,71.25,-0.429135337,1,1,81.5,1,0,0,0,1,0
20180017,1,0,0,0,0,1,0,0,0,0,0,0,0,0,1,0,0,0,0,1,1,0,0,0,1,0,0,0,0,0,0,0,0,0,0,1,0,0,0,0,0,0,82,87.5,2,2,0,2,2,69.7,0,78.75,-0.920246728,1,1,138,1,0,1,0,0,1
20180018,1,0,0,0,0,1,0,0,0,0,0,0,0,0,1,0,0,0,0,0,1,1,0,0,0,0,0,1,0,0,0,0,0,0,0,0,0,1,0,0,0,0,70.5,82.5,1,2,0,2,3,52.2,0,63.75,0.553087446,1,1,33,0,0,0,0,0,0
20180020,0,1,0,0,1,0,0,0,0,0,0,0,0,1,0,0,0,0,0,0,1,1,0,0,1,0,0,0,0,0,0,0,0,0,0,0,0,0,0,0,0,0,47,71.25,2,2,0,5,4,51.2,0,57.5,0.914198763,2,2,102.5,1,1,0,0,0,0
20180021,0,1,0,0,1,0,0,0,0,0,0,0,0,1,0,0,0,0,0,1,1,0,0,0,1,0,0,0,0,0,0,0,0,0,0,0,0,0,0,0,0,0,77.5,86.25,1,3,0,5,4,69.7,0,71.25,-0.313579715,1,1,116.5,0,0,0,0,0,1
20180022,0,1,0,0,1,0,0,0,0,0,0,0,0,1,0,0,0,0,0,0,1,1,0,0,1,0,0,0,0,0,0,0,0,1,0,0,0,0,0,0,0,0,77,86.25,1,2,0,3,2,69.1,0,73.75,-0.674691032,1,1,63,0,0,0,0,0,0
20180023,1,0,0,1,0,0,0,0,0,0,0,0,0,0,0,1,0,0,0,0,1,1,0,0,1,0,0,0,0,0,0,0,0,0,0,0,0,0,0,0,0,0,58.5,80,1,3,0,5,4,47,0,48.75,0.917377334,1,1,108.6,0,0,1,0,0,1
20180024,0,1,0,0,1,0,0,0,0,0,0,0,0,1,0,0,0,0,0,0,1,1,0,0,1,0,0,0,0,0,0,0,0,0,0,0,0,0,0,0,0,0,79,90,1,1,0,5,2,56.9,0,73.75,-0.588024316,1,1,311.5,1,0,0,0,1,0
20180025,1,0,0,0,0,1,0,0,0,0,0,0,0,0,1,0,0,0,0,1,1,0,0,0,1,0,0,0,0,0,0,0,0,0,0,0,0,0,0,0,0,0,63,52.5,1,6,0,5,5,53.7,0,50,1.087532195,1,1,54.8,1,0,0,0,0,0
20180026,1,0,0,0,0,0,1,0,0,0,0,1,0,0,0,0,0,0,0,0,1,1,0,0,1,0,0,0,0,0,0,0,0,0,0,0,0,0,0,0,0,0,62.5,80,1,4,0,5,2,64.1,0,72.5,-0.827665355,1,1,107.8,0,0,0,0,0,0
20180028,0,1,0,0,0,0,1,0,0,0,0,0,1,0,0,0,0,1,0,1,0,0,0,0,1,0,0,0,0,0,0,0,0,0,1,0,0,0,0,0,0,0,86.5,86.25,1,4,0,2,5,87.2,0,73.75,0.335696438,1,1,50,0,0,0,0,0,0
20180029,1,0,0,0,0,1,0,0,0,0,0,0,0,0,1,0,0,0,0,1,1,0,0,0,1,0,0,0,0,0,0,0,0,0,0,0,0,0,0,0,0,0,70.5,77.5,2,3,0,5,4,54.3,0,48.75,-0.588024316,1,1,80,1,0,0,0,0,1
20180030,0,1,0,0,1,0,0,0,0,0,0,0,0,1,0,0,0,0,0,1,1,0,0,0,1,0,0,0,0,0,0,0,0,0,0,0,0,0,0,0,0,0,79,85,2,2,0,5,1,66.8,0,72.5,-0.588024316,2,1,126,1,1,0,0,0,0
20180031,0,1,0,0,1,0,0,0,0,0,0,0,0,1,0,0,0,0,0,1,0,0,0,0,1,0,0,0,0,0,0,0,0,0,0,0,0,0,0,0,1,0,49.5,62.5,1,3,1,5,3,48.1,0,56.25,0.68308752,2,1,128,1,0,0,0,1,0
20180032,1,0,0,0,0,1,0,0,0,0,0,0,0,0,1,0,0,0,0,0,1,1,0,0,1,0,0,0,0,0,0,0,0,0,0,0,0,0,0,0,0,0,50,75,1,4,0,5,4,43,0,46.25,1.246421174,2,1,167.5,0,0,0,0,0,1
20180033,1,0,0,0,0,1,0,0,0,0,0,0,0,0,1,0,0,0,0,1,1,0,0,0,1,0,0,0,0,0,0,0,0,0,0,0,0,0,0,0,0,0,62,81.25,2,2,0,5,2,56.1,0,66.25,-0.920246728,1,1,175.5,1,1,0,0,0,0
20180034,1,0,0,0,0,0,1,1,0,0,0,0,0,0,0,0,0,0,0,1,1,0,0,0,1,0,0,0,0,0,0,0,0,0,0,0,0,0,0,0,0,0,75,82.5,1,4,0,5,3,57,0,65,-0.827665355,1,1,18,0,0,0,0,0,0
20180035,1,0,0,0,0,1,0,0,0,0,0,0,0,0,1,0,0,0,0,1,1,0,0,0,0,0,0,0,0,0,1,0,0,0,0,0,0,0,0,0,0,0,86,88.75,2,2,0,5,1,80.3,0,80,-1.396913666,1,1,214.8,0,0,1,1,1,0
20180036,1,0,1,0,0,0,0,0,0,0,0,0,0,0,0,1,0,0,0,0,1,1,0,0,1,0,0,0,0,0,0,0,0,0,0,0,0,0,0,0,0,0,78,87.5,2,2,0,5,2,54.1,0,71.25,-0.827665355,1,1,74.5,0,1,0,1,0,1
20180037,1,0,0,1,0,0,0,0,0,0,0,0,0,0,0,1,0,0,0,1,1,0,0,0,0,0,0,0,0,0,0,0,1,0,0,0,0,0,0,0,0,0,54,65,1,2,2,5,2,47.2,0,48.75,0.335696438,1,1,89,1,0,0,0,0,0
20180038,0,1,0,0,1,0,0,0,0,0,0,0,0,1,0,0,0,0,0,0,1,1,0,0,1,0,0,0,0,0,0,0,0,0,0,0,0,0,0,0,0,0,51.5,51.25,1,2,0,5,3,38.4,0,30,0.191976129,1,1,93.3,1,0,0,0,0,0
20180039,1,0,0,0,0,0,1,0,0,0,0,0,0,0,0,1,0,0,0,1,1,0,0,0,1,0,0,0,0,0,0,0,0,0,0,0,0,0,0,0,0,1,57.5,75,2,1,0,1,2,48.6,0,53.75,1.499058231,2,2,69.5,0,0,0,0,0,0
20180040,1,0,0,0,0,1,0,0,0,0,0,0,0,0,1,0,0,0,0,1,1,0,0,0,1,0,0,0,0,0,0,0,0,0,0,0,0,0,0,0,0,0,73,80,1,3,0,5,3,70.3,0,70,-0.313579715,1,1,23.5,0,0,0,0,0,0
20180041,1,0,0,0,0,0,1,0,0,0,0,1,0,0,0,0,0,0,0,0,1,1,0,1,0,0,0,0,0,0,0,0,0,0,0,0,0,0,0,0,0,0,47.5,70,1,2,0,5,4,32.3,0,53.75,-0.827665355,1,1,74,0,0,0,0,0,0
20180042,1,0,0,0,0,1,0,0,0,0,0,0,0,0,1,0,0,0,0,0,1,1,0,0,0,0,0,0,0,0,0,0,1,0,0,0,0,0,0,0,0,0,48,62.5,1,3,3,5,3,48,3,62.5,1.49197687,2,2,69,0,0,0,0,0,0
20180043,1,0,0,0,0,0,1,0,0,0,0,0,0,0,0,1,0,0,0,0,1,1,0,0,1,0,0,0,0,0,0,0,0,0,0,0,0,0,0,0,0,0,63.5,80,1,2,0,5,3,49.9,0,66.25,-0.827665355,1,1,80.3,0,1,0,1,0,1
20180044,1,0,0,0,0,1,0,0,0,0,0,0,0,0,1,0,0,0,1,1,0,0,0,0,0,0,0,0,0,0,0,0,1,0,0,0,0,0,0,0,0,0,65,78.75,1,3,2,5,4,57.8,2,65,0.46642073,1,1,45.5,0,1,0,0,0,1
20180045,0,1,0,0,1,0,0,0,0,0,0,0,0,1,0,0,0,0,0,0,1,1,0,0,1,0,0,0,0,0,0,0,0,0,0,0,0,0,0,0,0,0,70,83.75,3,3,0,5,4,59.1,0,70,-0.270246357,1,1,270,0,0,1,1,1,0
20180046,1,0,0,0,0,1,0,0,0,0,0,0,0,0,1,0,0,0,0,0,0,0,0,0,0,1,0,1,0,0,0,0,1,0,0,0,0,1,0,0,0,0,37,55,1,2,2,3,3,36.5,4,38.75,2.647533085,6,6,8.5,0,1,1,0,0,0
20180047,0,1,0,0,1,0,0,0,0,0,0,0,0,1,0,0,0,0,0,1,1,0,0,0,0,0,0,0,0,0,0,0,1,0,0,0,0,0,0,0,0,0,61.5,78.75,1,3,2,5,2,72.9,1,78.75,-1.25246914,1,1,2,0,0,0,0,0,0
20180049,0,1,0,0,1,0,0,0,0,0,0,0,0,1,0,0,0,0,0,1,1,0,0,0,1,0,0,0,0,0,0,0,0,0,0,1,0,0,0,0,0,0,81.5,86.25,1,2,0,3,3,72.5,0,75,-0.674691032,1,1,55,0,0,0,0,0,0
20180050,0,1,0,0,1,0,0,0,0,0,0,0,0,1,0,0,0,0,0,1,1,0,0,0,0,0,0,0,0,0,0,0,1,0,0,0,0,0,0,0,0,0,57,58.75,1,5,2,5,6,54.3,5,37.5,2.214199504,1,1,131.5,0,0,0,0,0,1
20180051,1,0,0,0,0,1,0,0,0,0,0,0,0,0,1,0,0,0,0,0,1,1,0,0,0,0,0,0,0,0,1,0,0,0,0,0,0,0,0,0,0,0,38.5,62.5,2,3,0,5,3,53,0,65,-0.515802053,1,1,107.3,1,0,0,0,0,1
20180052,1,0,0,0,0,0,1,0,0,0,0,0,1,0,0,0,0,0,0,0,1,1,0,0,1,0,0,0,0,0,0,0,0,0,0,0,0,0,0,0,0,0,56,81.25,1,2,0,5,4,43.1,0,58.75,-0.245984459,2,2,57.3,0,0,0,0,0,1
20180053,0,1,0,0,1,0,0,0,0,0,0,0,0,1,0,0,0,0,0,1,1,0,0,0,1,0,0,0,0,0,0,0,0,0,0,0,0,0,0,0,0,0,70,82.5,2,4,0,5,5,60,0,62.5,-0.674691032,1,1,163,0,0,0,0,0,1
20180054,0,1,0,0,0,0,1,0,0,0,0,0,0,0,0,1,0,0,1,1,0,0,0,0,1,0,0,0,0,0,0,0,0,0,0,0,0,0,0,0,0,0,39,33.75,0,4,0,5,5,41,0,37.5,0.335696438,1,1,11.5,0,0,0,0,0,0
20180055,0,1,0,0,0,0,1,0,0,0,0,0,0,0,0,1,0,0,0,1,1,0,0,0,1,0,0,0,0,0,0,0,0,0,0,0,0,0,0,0,0,0,79,83.75,1,2,0,5,5,79.1,0,72.5,-0.245984459,1,1,6,0,0,0,0,0,0
20180056,0,1,0,0,1,0,0,0,0,0,0,0,0,1,0,0,0,0,0,1,1,0,1,0,0,0,0,0,0,0,0,0,0,0,0,0,0,0,0,0,0,0,49.5,60,1,4,0,5,4,48.3,0,55,1.318643438,3,2,13.5,0,0,0,0,0,0
20180057,0,1,0,0,1,0,0,0,0,0,0,0,0,1,0,0,0,0,0,0,0,0,0,0,1,1,0,0,0,0,1,0,0,0,0,0,0,0,0,0,0,0,75,81.25,2,3,0,5,4,51.3,0,62.5,-0.212468546,1,1,110,1,0,1,0,0,1
20180058,0,1,0,1,0,0,0,0,0,0,0,0,0,0,0,1,0,0,0,1,1,0,0,0,1,0,0,0,0,0,0,0,0,0,0,0,0,0,0,0,0,0,86,86.25,3,2,0,5,3,67.1,0,76.25,-0.827665355,1,1,61.5,0,0,1,0,0,0
20180059,1,0,0,0,0,1,0,0,0,0,0,0,0,0,1,0,0,0,0,0,1,1,0,0,0,0,0,0,0,0,0,0,1,0,0,0,0,0,0,0,0,0,52,68.75,2,4,2,5,3,50.8,3,47.5,1.246421174,4,2,133.8,0,0,1,1,0,1
20180060,1,0,0,0,0,0,1,0,0,0,0,0,0,0,0,1,0,0,0,1,1,0,0,0,1,0,0,0,0,0,0,0,0,0,0,0,0,0,0,0,0,0,40.5,55,2,4,0,5,5,35.9,0,30,0.335696438,1,1,63.5,0,0,0,0,1,0
20180061,0,1,0,0,1,0,0,0,0,0,0,0,0,1,0,0,0,0,0,0,0,0,0,0,1,0,1,0,0,0,1,0,0,0,0,0,0,0,0,0,0,0,40.5,67.5,1,3,0,5,2,60.1,0,71.25,-0.848024464,1,1,83.3,0,0,0,0,0,1
20180062,1,0,0,0,0,1,0,0,0,0,0,0,0,0,1,0,0,0,0,1,1,0,0,0,1,0,0,0,0,0,0,0,0,0,0,0,0,0,0,0,0,0,61,75,1,2,0,5,4,49.3,0,57.5,-0.530246505,1,1,24,0,0,0,0,0,0
20180063,0,1,0,0,1,0,0,0,0,0,0,0,0,1,0,0,0,0,0,0,1,1,0,0,1,0,0,0,0,0,0,0,0,0,0,0,0,0,0,0,0,0,57.5,76.25,2,4,0,5,4,50.7,0,60,0.957532121,2,1,83.8,0,1,0,0,0,0
20180064,0,1,0,1,0,0,0,0,0,0,0,0,0,0,0,1,0,0,0,1,1,0,0,0,1,0,0,0,0,0,0,0,0,0,0,0,0,0,0,0,0,0,65.5,82.5,1,2,0,5,5,64,0,68.75,-0.245984459,1,1,43,0,0,0,0,0,1
20180065,0,1,0,0,1,0,0,0,0,0,0,0,0,1,0,0,0,0,0,0,0,0,1,0,1,1,0,0,0,0,0,0,0,0,0,0,0,0,0,0,0,0,72.5,86.25,2,1,0,5,2,71.4,0,70,-0.530246505,2,1,76.8,0,0,0,0,0,0
20180066,0,1,0,0,1,0,0,0,0,0,0,0,0,1,0,0,0,0,0,0,1,1,0,0,1,0,0,0,0,0,0,0,0,0,0,0,0,0,0,0,0,0,48.5,71.25,1,2,0,5,3,52,0,56.25,0.596420804,3,1,61.8,0,0,0,0,0,1
20180067,0,1,0,1,0,0,0,0,0,0,0,0,0,0,0,1,0,0,0,1,1,0,0,0,0,0,0,0,0,0,0,0,1,0,0,0,0,0,0,0,0,0,56,60,1,2,3,5,5,48.4,0,32.5,1.499058231,1,2,58,0,0,0,0,0,1
20180068,0,1,0,0,1,0,0,0,0,0,0,0,0,1,0,0,0,0,0,1,0,0,0,0,0,0,0,0,0,0,1,0,1,0,0,0,0,0,0,0,0,0,49.5,55,1,4,2,5,6,30.4,2,28.75,1.65086585,5,2,62,0,0,0,0,0,0
20180069,0,1,0,0,1,0,0,0,0,0,0,0,0,1,0,0,0,0,0,1,1,0,0,0,1,0,0,0,0,0,0,0,0,0,0,0,0,0,0,0,0,0,76,87.5,1,2,0,5,4,60.3,0,67.5,-0.746913296,1,1,39,0,0,1,0,0,1
20180070,1,0,0,0,0,0,1,0,0,0,0,0,0,0,0,1,0,0,0,0,1,1,0,0,1,0,0,0,0,0,0,0,0,0,0,0,0,0,0,0,0,0,43.5,45,1,5,0,5,5,42.3,0,35,0.335696438,1,1,119,0,0,0,0,0,0
20180071,1,0,0,0,0,0,1,0,0,0,0,0,0,0,0,1,0,0,0,0,1,1,0,0,1,0,0,0,0,0,0,0,0,0,0,0,0,0,0,0,0,0,73.5,78.75,2,2,0,5,3,59.5,0,62.5,-0.827665355,1,1,84,1,1,0,0,0,1
20180072,0,1,0,0,1,0,0,0,0,0,0,0,0,1,0,0,0,0,0,0,1,0,0,0,0,0,0,0,0,0,1,0,1,0,0,0,0,0,0,0,0,0,40,56.25,1,4,2,5,5,35.7,0,37.5,-0.198024094,1,1,42,0,0,1,0,0,1
20180073,1,0,0,0,0,1,0,0,0,0,0,0,0,0,1,0,0,0,0,0,1,0,0,0,1,0,1,0,0,0,0,0,0,0,0,0,0,0,0,0,0,0,64.5,80,1,2,0,5,3,43.6,0,52.5,-0.241357452,3,1,189.5,0,0,0,0,0,1
20180074,1,0,0,0,0,1,0,0,0,0,0,0,0,0,1,0,0,0,0,1,1,0,0,0,1,0,0,0,0,0,0,0,0,0,0,0,0,0,0,0,0,0,67,78.75,1,3,0,5,4,47.3,0,53.75,0.928643215,1,1,56,0,0,0,1,0,1
20180075,1,0,0,0,0,1,0,0,0,0,0,0,0,0,1,0,0,0,0,0,1,1,0,0,1,0,0,0,0,0,0,0,0,0,0,0,0,0,0,0,0,0,81.5,87.5,1,3,0,5,2,67.1,0,77.5,-0.761357748,1,1,107.3,1,0,0,0,1,0
20180076,1,0,0,0,0,0,1,0,0,1,0,0,0,0,0,0,0,0,0,0,1,1,0,0,1,0,0,0,0,0,0,0,0,0,0,0,0,0,0,0,0,0,68,77.5,1,4,0,5,4,51.2,0,60,0.335696438,1,1,166.5,0,0,0,0,1,0
20180077,1,0,0,0,0,0,1,0,0,0,0,0,0,0,0,1,0,0,0,1,1,0,0,0,1,0,0,0,0,0,0,0,0,0,0,0,0,0,0,0,0,0,72.5,83.75,1,3,0,5,3,51,0,66.25,-0.245984459,1,1,82.9,0,0,1,0,0,1
20180078,1,0,0,0,0,1,0,0,0,0,0,0,0,0,1,0,0,0,0,0,0,0,0,0,1,0,1,0,0,0,0,0,0,0,0,0,0,0,0,0,1,0,36.5,50,1,4,3,5,5,24.6,4,33.75,2.30086622,4,2,15,0,0,0,0,0,0
20180080,1,0,0,0,0,0,1,0,0,0,0,0,0,0,0,1,0,0,0,0,1,1,0,0,1,0,0,0,0,0,0,0,0,0,0,0,0,0,0,0,0,0,65.5,76.25,1,4,0,5,5,61.5,0,65,-0.245984459,1,1,44,0,0,0,0,0,0
20180082,0,1,0,0,1,0,0,0,0,0,0,0,0,1,0,0,0,0,1,1,0,0,0,0,1,0,0,0,0,0,0,0,0,1,0,0,0,0,0,0,0,0,76.5,85,1,1,0,2,2,73.2,0,75,-0.486913147,1,1,29,0,0,0,0,0,0
20180083,0,1,0,0,1,0,0,0,0,0,0,0,0,1,0,0,0,0,0,1,1,0,0,0,1,0,0,0,0,0,0,0,0,0,0,0,0,0,0,0,0,0,69.5,77.5,1,3,0,5,3,75.8,0,76.25,0.408642919,1,1,92,0,0,0,0,0,1
20180084,0,1,0,0,1,0,0,0,0,0,0,0,0,1,0,0,0,0,0,0,1,1,0,0,1,0,0,0,0,0,0,0,0,0,0,0,0,0,0,0,0,0,69,85,1,2,0,5,4,59.4,0,67.5,-0.486913147,1,2,48.5,0,1,0,0,0,1
20180085,1,0,0,0,0,1,0,0,0,0,0,0,0,0,1,0,0,0,0,0,1,1,0,0,1,0,0,0,0,0,0,0,0,0,0,0,0,0,0,0,0,0,65,82.5,1,2,0,5,3,50.9,0,61.25,-0.270246357,3,1,94.5,1,0,0,0,0,0
20180086,1,0,0,1,0,0,0,0,0,0,0,1,0,0,0,0,0,0,0,0,1,1,0,0,1,0,0,0,0,0,0,0,0,0,0,0,0,0,0,0,0,0,83,86.25,1,3,0,5,4,64.4,0,72.5,-0.827665355,1,1,55.5,1,0,0,0,0,1
20180087,1,0,0,0,0,1,0,0,0,0,0,0,0,0,1,0,0,0,0,0,1,1,0,0,1,0,0,0,0,0,0,0,0,0,0,0,0,0,0,0,0,0,64,81.25,2,2,0,5,3,45.5,0,55,-0.674691032,1,1,82.5,0,0,1,1,0,1
20180088,0,1,0,0,1,0,0,0,0,0,0,0,0,1,0,0,0,0,0,0,1,1,0,0,1,0,0,0,0,0,0,0,0,0,0,0,0,0,0,0,0,0,75.5,83.75,1,2,0,5,3,68.8,0,70,-0.313579715,2,1,234.8,0,0,0,0,0,1
20180089,0,1,0,0,1,0,0,0,0,0,0,0,0,1,0,0,1,0,0,1,1,0,0,0,0,0,0,0,0,0,0,0,0,0,0,1,0,0,0,0,0,0,68.5,87.5,1,1,0,2,1,71.6,0,80,-0.761357748,1,1,21,0,0,0,0,0,0
20180090,0,1,0,0,1,0,0,0,0,0,0,0,0,1,0,0,0,0,0,0,0,0,1,0,0,1,0,0,0,0,0,0,1,0,0,0,0,0,0,0,0,0,54.5,75,1,2,2,5,4,46.9,1,56.25,1.679754755,4,2,31,1,0,0,0,0,0
20180091,1,0,0,0,0,1,0,0,0,0,0,0,0,0,1,0,0,0,0,0,1,1,0,1,0,0,0,0,0,0,0,0,0,0,0,0,0,0,0,0,0,0,62.5,82.5,1,3,0,5,2,55.3,0,62.5,-0.270246357,1,2,147,0,0,0,1,0,1
20180092,0,1,0,0,0,0,1,0,0,0,0,0,1,0,0,0,0,0,0,1,1,0,0,0,1,0,0,0,0,0,0,0,0,0,0,0,0,0,0,0,0,0,70,73.75,1,3,0,5,4,60.9,0,63.75,-0.245984459,1,1,65.3,0,0,1,0,0,0
20180093,0,1,0,0,0,0,1,0,0,0,0,0,0,0,0,1,0,0,0,1,1,0,0,0,1,0,0,0,0,0,0,0,0,0,0,0,0,0,0,0,0,0,69.5,83.75,1,3,0,5,4,61.4,0,62.5,-0.245984459,1,1,50.5,0,0,0,0,0,1
20180094,0,1,0,0,1,0,0,0,0,0,0,0,0,1,0,0,0,0,0,1,1,0,0,0,0,0,0,0,0,0,0,0,1,0,0,0,0,0,0,0,0,0,51,63.75,1,4,2,5,5,45,3,45,1.853088187,2,1,57,0,0,1,0,0,0
20180096,1,0,0,0,0,0,1,0,0,0,0,0,0,0,0,1,0,0,0,0,1,1,0,0,1,0,0,0,0,0,0,0,0,0,0,0,0,0,0,0,0,0,52,65,1,3,0,5,4,35,0,31.25,-0.245984459,2,1,85.8,0,0,0,0,1,0
20180097,1,0,0,0,0,1,0,0,0,0,0,0,0,0,1,0,0,0,0,0,1,0,0,0,0,0,1,0,0,0,0,0,1,0,0,0,0,0,0,0,0,0,37,48.75,1,2,1,5,4,26,0,31.25,0.856420952,3,1,25.5,1,0,0,0,0,0
20180098,0,1,0,0,1,0,0,0,0,0,0,0,0,1,0,0,0,0,0,1,1,0,0,0,1,0,0,0,0,0,0,0,0,0,0,0,0,0,0,0,0,0,66,82.5,2,2,0,5,4,60,0,67.5,-0.486913147,1,1,155.5,0,0,0,0,1,0
20180099,0,1,0,1,0,0,0,0,0,0,0,0,0,1,0,0,0,0,0,1,1,0,0,0,0,0,0,0,0,0,0,0,1,0,0,0,0,0,0,0,0,0,51.5,60,1,4,3,5,5,47.8,2,48.75,3.825781816,2,1,72.5,0,0,0,0,0,0
20180100,0,1,0,0,1,0,0,0,0,0,0,0,0,1,0,0,0,0,0,0,1,1,0,0,1,0,0,0,0,0,0,0,0,0,0,0,0,0,0,0,0,0,58.5,71.25,1,2,0,5,3,49.5,0,57.5,0.769754236,1,1,60.5,0,0,0,0,0,1
20180101,0,1,0,0,1,0,0,0,0,0,0,0,0,1,0,0,0,0,0,1,1,0,0,0,1,0,0,0,0,0,0,0,0,0,0,0,0,0,0,0,0,0,61,76.25,1,4,0,5,4,61,0,61.25,0.408642919,2,1,54.3,0,0,1,0,0,0
20180102,0,1,0,0,1,0,0,0,0,0,0,0,0,1,0,0,0,0,0,1,1,0,0,0,1,0,0,0,0,0,0,0,0,0,0,1,0,0,0,0,0,0,85.5,88.75,2,2,0,2,2,75.6,0,77.5,-0.588024316,1,1,154,0,0,0,0,0,1
20180103,1,0,0,0,0,1,0,0,0,0,0,0,0,0,1,0,0,1,1,0,0,0,0,0,0,0,0,0,0,0,0,0,1,0,0,0,0,0,0,0,0,0,75.5,78.75,1,5,2,5,6,47.3,6,42.5,1.289754533,1,1,119.5,0,0,1,1,1,0
20180104,0,1,0,0,1,0,0,0,0,0,0,0,0,1,0,0,0,0,0,1,1,0,0,0,1,0,0,0,0,0,0,0,0,0,0,0,0,0,0,0,0,0,61.5,75,1,4,0,5,4,53.5,0,57.5,0.596420804,2,1,38,0,0,1,0,0,0
20180105,1,0,0,0,0,1,0,0,0,0,0,0,0,0,1,0,0,0,0,1,1,0,0,0,1,0,0,0,0,0,0,0,0,0,0,0,0,0,0,0,0,0,60.5,78.75,1,2,0,5,3,68.2,0,67.5,-0.154690736,3,1,12,1,0,0,0,0,0
20180106,1,0,0,0,0,1,0,0,0,0,0,0,0,0,1,0,0,0,0,0,0,0,1,0,1,0,0,1,0,0,0,0,0,0,0,0,0,1,0,0,0,0,65.5,81.25,1,2,0,2,3,51.1,0,63.75,0.264198392,1,1,41.8,0,1,0,0,0,1
20180108,1,0,0,0,0,0,1,0,0,0,0,0,0,0,0,1,0,0,0,0,1,1,0,0,1,0,0,0,0,0,0,0,0,0,0,0,0,0,0,0,0,0,64,80,2,3,0,5,2,45.1,0,61.25,-0.827665355,1,1,61,0,0,0,0,0,1
20180109,1,0,0,0,0,0,1,0,0,0,0,0,0,0,0,1,0,0,0,0,0,0,1,0,1,1,0,0,0,0,0,0,0,0,0,0,0,0,0,0,0,0,53.5,75,1,2,0,5,1,45.5,0,65,-0.245984459,1,1,22.8,1,0,0,0,0,0
20180110,1,0,0,0,0,0,1,0,0,0,0,0,0,0,0,1,0,0,0,0,1,1,0,0,1,0,0,0,0,0,0,0,0,0,0,0,0,0,0,0,0,0,54,73.75,1,3,0,5,3,50.5,0,63.75,-0.245984459,1,1,50.5,0,0,0,0,0,1
20180111,0,1,0,0,1,0,0,0,0,0,0,0,0,1,0,0,0,0,0,0,0,0,0,1,1,1,0,0,0,0,0,0,0,0,0,0,0,0,0,0,0,0,58,72.5,1,2,0,5,3,54.8,0,60,0.047531602,3,2,24.5,0,0,1,0,0,0
20180112,1,0,0,0,0,0,1,0,0,0,0,0,0,0,0,1,0,0,0,0,1,1,0,0,0,0,1,0,0,0,0,0,0,0,0,1,0,0,0,0,0,0,70,85,1,3,0,4,3,53.3,0,72.5,0.335696438,1,1,137.4,0,0,0,0,1,0
20180113,0,1,0,0,1,0,0,0,0,0,0,0,0,1,0,0,0,0,0,1,1,0,0,0,1,0,0,0,0,0,0,0,0,0,0,0,0,0,0,0,0,0,57,67.5,1,2,0,5,5,42.5,0,50,0.336420655,1,1,18.5,0,0,0,0,0,0
20180114,0,1,0,0,1,0,0,0,0,0,0,0,0,1,0,0,0,0,0,0,1,1,0,0,1,0,0,0,0,0,0,0,0,0,0,0,0,0,0,0,0,0,57.5,72.5,1,3,0,5,4,51.6,0,60,0.206420581,2,1,53.5,0,0,0,0,0,0
20180115,1,0,0,0,0,1,0,0,0,0,0,0,0,0,1,0,0,0,0,1,1,0,0,0,0,0,0,0,0,1,0,0,0,0,0,1,0,0,0,0,0,0,73.5,82.5,2,4,0,4,5,68.9,0,73.75,-0.515802053,1,1,140.8,0,0,0,0,1,0
20180116,0,1,0,0,0,0,1,0,0,0,0,0,0,0,0,1,0,0,0,1,1,0,0,0,0,0,0,0,0,1,0,0,0,0,0,0,0,0,0,0,0,0,70,85,1,2,0,5,6,68.6,0,62.5,0.335696438,2,1,81.8,0,0,0,0,0,0
20180117,1,0,0,0,0,0,1,0,0,0,0,0,0,0,0,1,0,0,0,1,0,0,0,0,1,0,0,0,0,1,0,0,0,0,0,0,0,0,0,0,0,0,68,76.25,1,6,0,5,5,53.7,0,58.75,-0.245984459,1,1,108.5,0,0,1,0,0,1
20180118,0,1,0,0,1,0,0,0,0,0,0,0,0,1,0,0,0,0,0,1,1,0,0,0,0,0,0,0,0,0,0,0,1,0,0,0,0,0,0,0,0,0,56.5,68.75,1,3,2,5,4,36.5,2,30,2.040866072,3,3,38.2,0,0,1,0,0,0
20180119,0,1,0,0,1,0,0,0,0,0,0,0,0,1,0,0,0,0,0,1,1,0,0,0,1,0,0,0,0,0,0,0,0,0,0,0,0,0,0,0,0,0,83,87.5,1,2,0,5,2,74.8,0,77.5,-0.429135337,1,1,33,0,0,0,0,0,0
20180120,0,1,0,0,0,0,1,0,0,0,1,0,0,0,0,0,0,0,0,0,0,0,0,0,0,0,0,0,0,1,1,0,1,0,0,0,0,0,0,0,0,0,55.5,78.75,0,4,1,5,5,40.7,0,50,-0.245984459,1,1,68,0,0,0,0,0,0
20180121,0,1,0,0,1,0,0,0,0,0,0,0,0,1,0,0,0,0,0,0,1,1,0,0,1,0,0,0,0,0,0,0,0,0,0,0,0,0,0,0,0,0,68.5,86.25,1,1,0,5,1,31.5,0,57.5,-0.429135337,1,1,81.3,0,1,0,0,0,0
20180122,1,0,0,0,0,1,0,0,0,0,0,0,0,0,1,0,0,0,0,0,1,1,0,0,0,0,0,0,0,0,1,0,0,0,0,0,0,0,0,0,0,0,52.5,68.75,1,3,0,5,3,49.3,0,58.75,-0.827665355,1,2,70.3,0,0,0,0,1,0
20180123,0,1,0,0,0,0,1,0,0,0,0,0,0,0,0,1,0,0,0,1,1,0,0,0,0,0,0,0,0,0,0,0,1,0,0,0,0,0,0,0,0,0,60,78.75,1,5,2,5,6,55,2,56.25,0.134198318,2,1,90,0,0,0,0,0,1
20180124,0,1,0,0,1,0,0,0,0,0,0,0,0,1,0,0,0,0,0,0,1,1,0,0,1,0,0,0,0,0,0,0,0,0,0,0,1,0,0,0,0,0,86,87.5,1,2,0,2,3,78.4,0,76.25,-0.530246505,1,1,45.5,0,0,0,0,0,0
20180125,0,1,0,0,1,0,0,0,0,0,0,0,0,1,0,0,0,1,1,0,0,0,0,0,1,0,0,0,0,0,0,0,0,1,0,0,0,0,0,0,0,0,84,85,1,4,0,2,5,76.6,0,66.25,-0.111357378,1,1,21,0,0,0,0,0,0
20180126,0,1,0,0,1,0,0,0,0,0,0,0,0,1,0,0,0,0,1,0,0,0,0,0,1,0,0,0,0,0,0,0,0,0,0,0,0,0,0,0,1,0,38.5,43.75,1,3,3,5,4,26.8,0,23.75,1.318643438,2,2,5,0,0,0,0,0,0
20180127,0,1,0,0,1,0,0,0,0,0,0,0,0,1,0,0,0,0,0,0,1,1,0,0,1,0,0,0,0,0,0,0,0,0,0,0,0,0,0,0,0,0,71.5,85,2,2,0,5,3,69.2,0,70,-0.241357452,1,1,54,1,0,0,0,0,0
20180128,1,0,0,0,0,0,1,0,0,0,0,0,1,0,0,0,0,0,0,0,1,1,0,0,1,0,0,0,0,0,0,0,0,0,0,0,0,0,0,0,0,0,54,62.5,1,5,0,5,6,43.3,0,35,0.335696438,1,2,86.5,0,0,0,0,0,1
20180130,1,0,0,0,0,1,0,0,0,0,0,0,0,0,1,0,0,0,0,0,0,0,1,0,1,0,1,0,0,0,0,0,0,0,0,0,0,0,0,0,0,0,49.5,75,1,2,0,5,4,37.4,0,48.75,0.625309709,3,2,241.8,0,0,0,0,1,0
20180132,1,0,0,0,0,1,0,0,0,0,0,0,0,0,1,0,0,0,0,0,1,1,0,0,1,0,0,0,0,0,0,0,0,0,0,0,0,0,0,0,0,0,65.5,75,2,2,0,5,2,43.2,0,58.75,0.841976499,4,1,125.3,0,0,0,0,1,0
20180133,0,1,0,0,1,0,0,0,0,0,0,0,0,1,0,0,0,0,0,0,1,0,0,0,1,0,0,0,0,0,1,0,0,0,0,1,0,0,0,0,0,0,42,57.5,1,4,0,4,3,48.7,0,57.5,1.203087816,5,1,185.6,0,0,1,0,0,0
20180134,0,1,0,0,1,0,0,0,0,0,0,0,0,1,0,0,0,0,0,1,1,0,1,0,0,0,0,0,0,0,0,0,0,0,0,0,0,0,0,0,0,0,56,77.5,1,2,0,5,3,46.1,0,50,0.957532121,2,1,117.5,1,0,0,0,0,0
20180135,1,0,0,0,0,0,1,0,0,1,0,0,0,0,0,0,0,0,0,0,0,0,1,0,0,1,0,0,0,0,0,0,0,0,0,0,0,0,1,0,0,0,46,82.5,1,1,0,5,1,38,0,65,-0.827665355,2,1,212.3,1,0,0,0,1,0
20180136,0,1,0,0,1,0,0,0,0,0,0,0,0,1,0,0,0,0,0,0,1,1,0,0,1,0,0,0,0,0,0,0,0,0,0,0,0,0,0,0,0,0,56.5,77.5,1,4,0,5,4,50.4,0,62.5,-0.241357452,3,1,138,0,1,0,0,1,0
20180137,1,0,0,0,0,1,0,0,0,0,0,0,0,0,1,0,0,0,0,0,1,1,0,0,1,0,0,0,0,0,0,0,0,0,0,0,0,0,0,0,0,0,56,77.5,1,3,0,5,3,57.3,0,63.75,-0.429135337,1,1,89,0,0,0,0,0,1
20180138,1,0,0,0,0,0,1,0,0,1,0,0,0,0,0,0,0,0,0,0,1,1,0,0,1,0,0,0,0,0,0,0,0,0,0,0,0,0,0,0,0,0,74.5,88.75,1,2,0,5,3,70.7,0,75,-0.827665355,1,1,14.8,0,0,1,0,0,0
20180139,0,1,0,0,1,0,0,0,0,0,0,0,0,1,0,0,0,0,0,1,1,0,0,0,1,0,0,0,0,0,0,0,0,0,0,0,0,0,0,0,0,0,37.5,36.25,1,3,0,5,4,32.9,0,31.25,-0.270246357,3,2,19,0,0,0,0,0,0
20180140,0,1,0,0,1,0,0,0,0,0,0,0,0,1,0,0,0,0,0,0,0,0,1,0,1,1,0,0,0,0,0,0,0,0,0,0,0,0,0,0,0,0,60,78.75,1,3,0,5,3,45.6,0,57.5,1.333087891,3,2,98,0,0,1,0,0,1
20180141,1,0,0,0,0,1,0,0,0,0,0,0,0,0,1,0,0,0,0,0,1,1,0,0,1,0,0,0,0,0,0,0,0,0,0,0,0,0,0,0,0,0,50.5,62.5,1,3,0,5,4,45.6,0,43.75,0.769754236,4,2,37.5,0,0,0,0,0,0
20180142,0,1,0,0,1,0,0,0,0,0,0,0,0,1,0,0,0,0,0,1,1,0,0,0,0,0,0,0,0,0,0,0,1,0,0,0,0,0,0,0,0,0,54,71.25,1,4,2,5,5,45.9,0,50,1.318643438,2,1,57.5,0,0,0,0,0,0
20180143,1,0,0,1,0,0,0,0,0,1,0,0,0,0,0,0,0,0,0,1,1,0,0,0,1,0,0,0,0,0,0,0,0,0,0,0,0,0,0,0,0,0,66.5,67.5,1,6,0,5,5,48.7,0,53.75,0.917377334,2,1,181.5,0,0,0,1,1,0
20180144,0,1,0,0,0,0,1,0,1,0,0,0,0,0,0,0,0,0,0,1,1,0,0,0,1,0,0,0,0,0,0,0,0,0,0,0,0,0,0,0,0,0,69,71.25,2,4,0,5,4,57.3,0,62.5,-0.827665355,1,1,35.2,0,0,0,0,0,0
20180145,0,1,0,0,1,0,0,0,0,0,0,0,0,1,0,0,0,0,0,1,1,0,0,0,1,0,0,0,0,0,0,0,0,0,0,0,0,0,0,0,0,0,53,65,2,5,0,5,4,42.7,0,43.75,1.49197687,3,2,14.5,0,0,0,0,0,0
20180146,0,1,0,0,1,0,0,0,0,0,0,0,0,1,0,0,0,0,0,0,1,1,0,0,1,0,0,0,0,0,0,0,0,0,0,1,0,0,0,0,0,0,78,87.5,3,2,0,3,2,72,0,77.5,-0.963580086,1,1,62,0,0,0,0,0,1
20180147,0,1,0,0,1,0,0,0,0,0,0,0,0,1,0,0,0,0,0,1,1,0,0,0,1,0,0,0,0,0,0,0,0,0,0,0,0,0,0,0,0,0,36,45,1,3,0,5,4,28.1,0,43.75,1.130865553,6,1,88,0,0,0,0,0,1
20180148,1,0,0,0,0,0,1,1,0,0,0,0,0,0,0,0,0,0,0,1,1,0,0,0,0,0,0,0,0,0,0,0,1,0,0,0,0,0,0,0,0,0,38.5,22.5,1,4,4,5,5,34,0,20,-0.245984459,2,1,61.2,0,0,0,1,0,0
20180149,0,1,0,0,1,0,0,0,0,0,0,0,0,1,0,0,0,0,1,1,0,0,0,0,0,0,0,0,0,0,0,0,1,0,0,0,0,0,0,0,0,0,42.5,35,0,2,3,5,3,23.5,3,20,0.596420804,1,1,56.5,0,0,0,0,0,0
20180150,1,0,0,0,0,0,1,0,0,0,0,0,0,0,0,1,0,0,0,1,1,0,0,0,1,0,0,0,0,0,0,0,0,0,0,0,0,0,0,0,0,0,51.5,57.5,1,5,0,5,5,56.2,0,50,-0.245984459,2,1,42,0,0,0,0,0,0
20180151,0,1,0,0,0,0,1,0,0,0,0,0,1,0,0,0,0,0,0,1,0,0,0,0,1,1,0,0,0,0,0,0,0,0,0,0,0,0,0,0,0,0,53.5,60,1,3,0,5,4,45.5,0,38.75,0.335696438,1,1,62.5,0,0,0,0,0,0
20180152,0,1,0,0,1,0,0,0,0,0,0,0,0,1,0,0,0,0,0,0,1,1,0,0,1,0,0,0,0,0,0,0,0,0,0,0,1,0,0,0,0,0,82,88.75,2,1,0,2,2,71.6,0,77.5,-0.819135559,1,1,112.5,0,0,0,0,0,1
20180153,0,1,0,0,1,0,0,0,0,0,0,0,0,1,0,0,0,0,0,0,1,1,0,0,1,0,0,0,0,0,0,0,0,0,0,0,0,0,0,0,0,0,73.5,90,2,1,0,5,2,67.3,0,75,-1.108024613,1,1,33,0,0,0,0,0,1
20180154,1,0,0,0,0,1,0,0,0,0,0,0,0,0,1,0,1,0,0,0,0,0,1,0,0,0,1,0,0,0,0,0,0,0,0,0,0,0,0,0,0,0,49.5,70,2,2,0,5,1,48.8,0,62.5,0.206420581,3,1,164.8,1,0,0,0,0,1
20180155,1,0,0,0,0,1,0,0,0,0,0,0,0,0,1,0,0,0,0,0,1,1,0,0,1,0,0,0,0,0,0,0,0,0,0,0,0,0,0,0,0,0,59,72.5,1,3,0,5,3,48.6,0,58.75,-0.588024316,1,1,69,0,0,0,0,1,0
20180156,0,1,0,0,1,0,0,0,0,0,0,0,0,1,0,0,0,0,0,0,1,1,0,0,1,0,0,0,0,0,0,0,0,0,0,0,0,0,0,0,0,0,60.5,82.5,1,2,0,5,4,64.8,0,65,0.596420804,1,1,122,0,0,0,0,0,0
20180157,1,0,0,0,0,0,1,0,0,0,0,0,0,0,0,1,0,1,0,1,0,0,0,0,1,0,0,0,0,0,0,0,0,0,0,0,0,0,0,0,0,0,79,78.75,1,4,0,5,4,66.4,0,67.5,-0.245984459,1,1,31.5,0,0,0,0,0,0
20180158,0,1,0,0,1,0,0,0,0,0,0,0,0,1,0,0,0,0,0,1,0,0,0,0,1,0,0,0,0,0,1,0,0,0,0,0,0,0,0,0,0,0,69.5,85,1,3,0,5,3,62.4,0,63.75,0.336420655,1,1,82.2,0,0,0,0,0,1
20180159,0,1,0,0,1,0,0,0,0,0,0,0,0,1,0,0,1,0,0,1,1,0,0,0,0,0,0,0,0,0,0,0,0,0,0,0,0,0,0,0,0,0,81.5,90,1,1,0,5,1,73.9,0,80,-1.108024613,1,1,126.5,1,0,0,0,0,1
20180160,1,0,0,1,0,0,0,0,0,0,0,0,0,0,0,1,0,0,0,0,1,1,1,0,0,0,0,0,0,0,0,0,0,0,0,0,0,0,0,0,0,0,36.5,56.25,1,4,0,5,3,38.7,0,60,-0.827665355,1,2,24.5,1,0,0,0,0,0
20180161,0,1,0,0,1,0,0,0,0,0,0,0,0,1,0,0,0,0,0,0,1,1,0,0,1,0,0,0,0,0,0,0,0,0,0,0,0,0,0,0,0,0,62.5,75,1,3,0,5,3,57.4,0,57.5,1.318643438,3,1,55.5,1,0,0,0,0,0
20180162,0,1,0,0,0,0,1,0,1,0,0,0,0,0,0,0,0,0,0,0,0,0,1,0,1,1,0,0,0,0,0,0,0,0,0,0,0,0,0,0,0,0,55.5,76.25,1,2,0,5,4,38.7,0,56.25,-0.827665355,2,1,149,0,0,0,0,1,0
20180163,1,0,0,0,0,1,0,0,0,0,0,0,0,0,1,0,0,0,0,0,1,1,0,0,1,0,0,0,0,0,0,0,0,0,0,0,0,0,0,0,0,0,53.5,73.75,1,3,0,5,3,44.1,0,50,-0.992468991,1,1,106.5,0,0,0,0,0,1
20180164,1,0,0,0,0,0,1,0,0,0,0,1,0,0,0,0,0,0,0,1,1,0,0,0,1,0,0,0,0,0,0,0,0,0,0,0,0,0,0,0,0,0,65.5,80,1,2,0,5,2,59,0,73.75,-0.827665355,1,1,82,0,0,0,0,0,1
20180165,0,1,0,0,1,0,0,0,0,0,0,0,0,1,0,0,0,0,0,1,1,0,0,0,1,0,0,0,0,0,0,0,0,0,0,0,0,0,0,0,0,0,51.5,67.5,2,3,0,5,3,44.8,0,52.5,0.52419854,1,1,132.5,0,0,1,1,0,0
20180166,0,1,0,0,0,0,1,0,0,0,1,0,0,0,0,0,0,0,0,0,1,1,0,0,1,0,0,0,0,0,0,0,0,0,0,0,0,0,0,0,0,0,74,68.75,1,3.6,0,5,4,72.8,0,66.25,0.917377334,1,1,25.1,0,0,0,0,0,0
20180167,0,1,0,0,1,0,0,0,0,0,0,0,0,1,0,0,0,0,0,1,1,0,0,0,1,0,0,0,0,0,0,0,0,0,0,0,0,0,0,0,0,0,69,75,1,3,0,5,4,52.8,0,60,0.047531602,1,1,35.8,1,0,0,0,1,0
20180168,0,1,0,0,0,0,1,0,0,0,0,0,1,0,0,0,0,0,0,0,1,1,0,0,1,0,0,0,0,0,0,0,0,0,0,0,0,0,0,0,0,0,57.5,72.5,1,4,0,5,3,48.3,0,66.25,-0.245984459,1,1,33.3,0,0,0,0,0,0
20180169,1,0,0,0,0,1,0,0,0,0,0,0,0,0,1,0,0,0,0,0,0,0,1,0,1,1,0,0,0,0,0,0,0,0,0,0,0,0,0,0,0,0,55,73.75,2,3,0,5,3,59.5,0,67.5,0.365309561,2,1,21.5,0,0,0,0,1,0
20180170,0,1,0,0,1,0,0,0,0,0,0,0,0,1,0,0,0,0,0,0,1,1,0,0,1,0,0,0,0,0,0,0,0,0,0,0,0,0,0,0,0,0,63.5,71.25,1,2,0,5,4,60.4,0,58.75,-0.313579715,1,1,38.8,0,0,0,0,0,1
20180171,1,0,0,0,0,0,1,0,0,0,0,0,0,0,0,1,0,0,0,1,1,0,0,0,1,0,0,0,0,0,0,0,0,0,0,0,0,0,0,0,0,0,54,47.5,1,5,0,5,5,55.2,0,47.5,-0.827665355,1,1,18.5,0,0,0,0,0,0
20180173,1,0,0,0,0,0,1,0,0,0,0,0,0,0,0,1,0,0,0,1,1,0,0,0,0,0,0,0,0,0,0,0,1,0,0,0,0,0,0,0,0,0,36.5,26.25,1,4,5,5,6,27.7,0,17.5,0.335696438,1,1,156,0,0,0,0,0,1
20180174,0,1,0,0,0,0,1,0,0,0,1,0,0,0,0,0,0,0,0,0,1,1,0,0,1,0,0,0,0,0,0,0,0,0,0,0,0,0,0,0,0,0,71.5,85,1,2,0,5,4,53.1,0,61.25,-0.827665355,1,1,42.8,0,0,0,0,0,0
20180175,1,0,0,0,0,0,1,0,0,0,0,0,1,0,0,0,0,0,0,0,1,1,0,0,1,0,0,0,0,0,0,0,0,0,0,0,0,0,0,0,0,0,54,62.5,1,4,0,5,3,49.8,0,56.25,-0.827665355,1,1,56,1,0,0,0,0,1
20180176,0,1,0,0,1,0,0,0,0,0,0,0,0,1,0,0,0,0,0,1,1,0,0,0,0,0,0,0,0,0,0,0,1,0,0,0,0,0,0,0,0,0,62.5,73.75,1,3,2,5,4,72.3,0,61.25,0.235309487,1,1,30,0,0,0,0,0,0
20180177,0,1,0,0,1,0,0,0,0,0,0,0,0,1,0,0,0,0,0,1,1,0,0,0,1,0,0,0,0,0,0,0,0,0,0,0,0,0,0,0,0,0,77,87.5,1,3,0,5,3,56.5,0,75,-0.674691032,1,1,37.5,0,0,0,0,0,0
20180178,0,1,0,0,0,0,1,0,0,0,0,0,0,0,0,1,0,0,0,0,1,1,0,0,1,0,0,0,0,0,0,0,0,0,0,0,0,0,0,0,0,0,41,72.5,1,3,0,5,4,48.8,0,62.5,-0.827665355,1,1,55.5,0,0,0,0,0,0
20180179,0,1,0,0,1,0,0,0,0,0,0,0,0,1,0,0,0,0,0,1,1,0,0,0,1,0,0,0,0,0,0,0,0,1,0,0,0,0,0,0,0,0,88.5,87.5,1,2,0,3,4,80.4,0,75,-1.209135782,1,1,22.5,0,1,0,0,0,0
20180180,1,0,0,0,0,1,0,0,0,0,0,0,0,0,1,0,0,0,0,0,1,1,0,0,0,0,0,0,0,0,1,0,0,0,0,0,0,0,0,0,0,0,79,85,1,2,0,5,3,67.8,0,75,-1.180246876,1,1,190.5,0,0,0,0,0,1
20180182,1,0,0,0,0,1,0,0,0,0,0,0,0,0,1,0,0,0,0,0,1,1,0,0,0,0,0,0,0,0,0,0,0,0,0,0,0,0,0,0,0,0,35.4,17.5,1,3,0,5,4,45.4,5,41.25,0.957532121,5,1,143.3,0,1,0,0,0,1
20180183,1,0,0,0,0,0,1,0,0,0,0,0,0,0,0,1,0,0,0,0,1,1,0,0,1,0,0,0,0,0,0,0,0,0,0,0,0,0,0,0,0,0,50,67.5,1,2,0,5,2,36.6,0,43.75,0.335696438,1,1,73.5,0,0,0,0,0,1
20180184,1,0,0,0,0,0,1,0,0,0,0,0,1,0,0,0,0,0,0,1,1,0,0,0,1,0,0,0,0,0,0,0,0,0,0,0,0,0,0,0,0,0,68.5,61.25,1,5,0,5,5,58.5,0,58.75,-0.827665355,1,1,48.5,0,0,0,0,0,1
20180185,0,1,0,0,0,0,1,0,0,0,0,0,0,0,0,1,0,0,0,1,1,0,0,0,1,0,0,0,0,0,0,0,0,0,0,0,0,0,0,0,0,0,64.5,76.25,2,3,0,5,3,47.3,0,52.5,-0.245984459,1,1,59.5,0,0,0,0,0,0
20180186,1,0,0,0,0,1,0,0,0,0,0,0,0,0,1,0,0,0,0,1,1,0,0,0,1,0,0,0,0,0,0,0,0,0,0,0,0,0,0,0,0,0,76.5,82.5,1,2,0,5,3,63.3,0,67.5,-0.674691032,1,1,20.5,0,0,1,0,0,0
20180187,0,1,0,0,1,0,0,0,0,0,0,0,0,1,0,0,0,0,0,1,1,0,0,0,0,1,0,0,0,0,0,0,0,0,0,0,0,0,0,0,0,0,60.5,78.75,1,2,0,5,3,55.4,0,60,0.68308752,2,1,105.5,0,0,0,0,0,1
20180188,1,0,0,0,0,1,0,0,0,0,0,0,0,0,1,0,0,0,0,0,1,1,0,0,0,0,0,0,0,0,0,0,0,0,0,0,0,0,1,0,0,0,60,71.25,1,2,0,5,1,65.8,0,76.25,-1.25246914,1,1,53.8,0,0,0,0,1,0
20180189,0,1,0,0,1,0,0,0,0,0,0,0,0,1,0,0,0,0,0,1,1,0,0,0,1,0,0,0,0,0,0,0,0,0,0,0,0,0,0,0,0,0,67.5,80,1,2,0,5,3,54.6,0,72.5,0.408642919,1,1,66,1,0,0,0,0,0
20180190,1,0,0,0,0,1,0,0,0,0,0,0,0,0,1,0,0,0,0,0,1,1,0,0,0,0,0,0,0,0,0,0,1,0,0,0,0,0,0,0,0,0,50,73.75,2,2,1,5,4,43.5,1,56.25,-0.039135114,1,1,118.9,0,0,0,0,0,1
20180191,1,0,0,0,0,1,0,0,0,0,0,0,0,0,1,0,0,0,0,1,1,0,0,0,1,0,0,0,0,0,0,0,0,0,0,0,0,0,0,0,0,0,65.5,68.75,2,3,0,5,3,46.8,0,47.5,-0.920246728,1,1,55.5,0,0,1,1,0,1
20180192,0,1,0,0,1,0,0,0,0,0,0,0,0,1,0,0,0,0,0,0,0,0,1,0,1,1,0,0,0,0,0,0,0,0,0,0,0,0,0,0,0,1,67,81.25,1,1,0,3,2,53.2,0,68.75,-0.385801979,3,1,123.8,0,0,1,0,0,1
20180193,1,0,0,0,0,1,0,0,0,0,0,0,0,0,1,0,0,0,0,1,1,0,0,0,0,0,0,0,0,0,0,0,1,0,0,0,0,0,0,0,0,0,87.5,85,1,3,1,5,3,71.4,0,68.75,-0.356913073,1,1,79.5,0,0,0,0,0,1
20180194,1,0,0,1,0,0,0,0,0,0,0,0,0,0,0,1,0,0,0,0,1,1,0,0,0,0,1,0,0,0,0,0,0,0,0,0,0,0,0,0,0,0,40.5,53.75,1,2,0,5,3,30.5,0,40,1.499058231,2,1,12.8,0,0,0,0,0,0
20180195,1,0,0,0,0,0,1,0,0,0,0,0,1,0,0,0,0,0,0,1,1,0,0,0,0,0,0,0,0,0,0,0,1,0,0,0,0,0,0,0,0,0,29.5,17.5,1,4,6,5,6,28.8,0,15,-0.245984459,1,1,56,0,0,0,0,0,0
20180196,0,1,0,0,1,0,0,0,0,0,0,0,0,1,0,0,0,0,0,1,1,0,0,0,0,0,0,0,0,0,0,0,1,0,0,0,0,0,0,0,0,0,45.8,55,1,4,3,5,4,39.8,5,41.25,3.297533455,5,1,119.5,0,0,0,0,0,0
20180197,0,1,0,0,1,0,0,0,0,0,0,0,0,1,0,0,0,0,0,1,1,0,0,0,1,0,0,0,0,0,0,0,0,0,0,0,0,0,0,0,0,0,71,86.25,1,2,0,5,2,58.6,0,73.75,-0.588024316,1,1,12,0,0,0,0,0,0
20180198,0,1,0,0,1,0,0,0,0,0,0,0,0,1,0,0,0,0,0,0,1,1,0,0,1,0,0,0,0,0,0,0,0,0,0,0,0,0,0,0,0,0,58,58.75,1,2,0,5,3,53.7,0,58.75,-0.12580183,1,1,74.8,0,0,1,0,0,0
20180199,0,1,0,0,0,0,1,0,0,0,1,0,0,0,0,0,0,0,0,1,1,0,0,0,1,0,0,0,0,0,0,0,0,0,0,0,0,0,0,0,0,0,75,86.25,1,3,0,5,4,66.7,0,72.5,0.335696438,1,1,52.8,0,0,1,0,0,1
20180200,0,1,0,0,1,0,0,0,0,0,0,0,0,1,0,0,0,0,0,1,1,0,0,0,0,0,0,0,0,0,0,0,1,0,0,0,0,0,0,0,0,0,70,78.75,1,2,2,5,3,51,0,45,0.047531602,1,1,14,0,0,0,0,0,0
20180201,1,0,0,0,0,0,1,0,0,0,1,0,0,0,0,0,0,0,0,1,1,0,0,0,1,0,0,0,0,0,0,0,0,0,0,0,0,0,0,0,0,0,78,83.75,1,3,0,5,5,71.6,0,68.75,-0.245984459,1,1,133,0,0,1,0,1,0
20180202,1,0,0,0,0,0,1,0,0,0,0,0,0,0,0,1,0,0,0,1,1,0,0,0,1,0,0,0,0,0,0,0,0,0,0,1,0,0,0,0,0,0,73,85,1,2,0,4,3,65.8,0,72.5,-0.245984459,1,1,57.2,0,0,0,0,0,0
20180203,0,1,0,0,0,0,1,0,0,0,1,0,0,0,0,0,0,0,0,1,0,0,0,0,1,0,0,1,0,0,0,0,0,0,0,0,0,1,0,0,0,0,72.5,83.75,1,2,0,2,3,56.5,0,65,-0.827665355,1,1,15,0,0,0,0,0,0
20180204,1,0,0,0,0,1,0,0,0,0,0,0,0,0,1,0,0,0,0,0,1,1,0,0,1,0,0,0,0,0,0,0,0,0,0,0,0,0,0,0,0,0,58,81.25,1,2,0,5,4,42,0,46.25,0.191976129,1,1,64.3,1,0,0,0,0,1
20180205,1,0,0,0,0,1,0,0,0,0,0,0,0,0,1,0,0,0,0,1,1,0,0,0,1,0,0,0,0,0,0,0,0,0,0,0,0,0,0,0,0,0,60,76.25,1,4,0,5,4,72,0,68.75,-0.241357452,1,1,175,0,0,0,0,0,1
20180206,1,0,0,0,0,1,0,0,0,0,0,0,0,0,1,0,0,0,0,0,1,1,0,0,1,0,0,0,0,0,0,0,0,0,0,0,0,0,0,0,0,0,62,77.5,1,3,0,5,3,65,0,70,-0.588024316,1,1,65.3,0,0,0,0,1,0
20180207,1,0,0,1,0,0,0,0,0,0,0,0,1,0,0,0,0,0,0,0,1,0,0,0,0,1,0,0,0,0,0,0,0,0,0,0,0,0,0,0,1,0,35,38.75,2,3,2,5,5,31.7,0,10,0.917377334,2,1,27,0,0,0,0,0,0
20180208,1,0,0,0,0,0,1,0,0,0,0,0,0,0,0,1,0,0,0,0,1,1,0,0,1,0,0,0,0,0,0,0,0,0,0,0,0,0,0,0,0,0,66,83.75,1,2,0,5,3,51.2,0,68.75,-0.827665355,1,1,38.3,0,0,0,0,1,0
20180209,1,0,0,0,0,1,0,0,0,0,0,0,0,0,1,0,0,0,0,1,1,0,0,0,1,0,0,0,0,0,0,0,0,0,0,0,0,0,0,0,0,0,56,61.25,1,4,0,5,5,51.4,0,32.5,1.087532195,3,1,16,0,1,0,0,0,0
20180210,1,0,0,0,0,1,0,0,0,0,0,0,0,0,1,0,1,0,0,0,1,1,0,0,0,0,0,0,0,0,0,0,0,0,0,0,0,0,0,0,0,0,65.5,85,1,2,0,5,2,49.9,0,65,0.610865256,4,1,73.7,0,0,0,0,0,0
20180211,1,0,0,0,0,0,1,0,0,0,0,0,0,0,0,1,0,0,0,0,1,1,0,0,1,0,0,0,0,0,0,0,0,0,0,0,0,0,0,0,0,0,60.5,75,1,5,0,5,5,50,0,52.5,-0.827665355,1,1,22,0,0,0,0,0,0
20180212,1,0,0,0,0,1,0,0,0,0,0,0,0,0,1,0,0,0,0,0,0,0,0,0,1,0,1,0,0,0,0,0,0,0,0,0,0,0,0,0,1,0,51,63.75,1,2,1,5,3,36.3,0,35,-0.588024316,2,1,44,0,0,0,0,0,0
20180213,0,1,0,0,1,0,0,0,0,0,0,0,0,1,0,0,0,0,0,0,0,0,1,0,1,1,0,0,0,0,0,0,0,0,0,0,0,0,0,0,0,1,82,90,2,1,0,1,2,78.2,0,77.5,-1.396913666,1,1,148.8,1,0,0,0,0,1
20180214,1,0,0,0,0,0,1,0,0,0,0,0,1,0,0,0,0,0,0,0,1,1,0,0,1,0,0,0,0,0,0,0,0,0,0,0,0,0,0,0,0,0,58.5,72.5,1,2,0,5,6,60.8,0,61.25,0.335696438,1,2,66.3,0,0,0,0,0,1
20180215,0,1,0,0,0,0,1,0,0,0,0,0,0,0,0,1,0,1,0,1,0,0,0,0,0,0,0,0,0,0,1,0,0,1,0,0,0,0,0,0,0,0,82,81.25,1,4,0,3,6,76.8,0,71.25,-0.245984459,1,1,13.5,0,0,0,0,0,0
20180216,0,1,0,0,1,0,0,0,0,0,0,0,0,1,0,0,0,0,0,1,1,0,0,0,1,0,0,0,0,0,0,0,0,0,0,0,0,0,0,0,0,0,66,77.5,1,3,0,5,3,43.1,0,65,0.596420804,2,1,15.3,0,1,0,0,0,0
20180217,1,0,0,0,0,1,0,0,0,0,0,0,0,0,1,0,1,0,0,0,0,0,1,0,1,0,0,0,0,0,0,0,0,0,0,0,0,0,0,0,0,1,64,82.5,1,1,0,2,1,63.2,0,70,-0.198024094,3,1,81.3,0,0,1,0,0,0
20180218,0,1,0,0,0,0,1,1,0,0,0,0,0,0,0,0,0,0,0,0,1,1,0,0,1,0,0,0,0,0,0,0,0,0,0,0,1,0,0,0,0,0,71.5,87.5,1,2,0,2,4,63.3,0,70,-0.827665355,1,1,43.5,0,1,0,0,0,0
20180219,0,1,0,0,1,0,0,0,0,0,0,0,0,1,0,0,0,0,0,0,1,1,0,0,1,0,0,0,0,0,0,0,0,0,0,1,0,0,0,0,0,0,71.5,88.75,1,2,0,3,3,72.7,0,77.5,-0.963580086,1,1,168.5,0,1,0,0,0,1
20180220,0,1,0,0,1,0,0,0,0,0,0,0,0,1,0,0,0,0,0,0,1,1,0,0,1,0,0,0,0,0,0,0,0,0,0,1,0,0,0,0,0,0,73,87.5,2,2,0,3,3,73.8,0,76.25,-0.674691032,1,1,14,0,0,0,0,0,0
20180221,0,1,0,1,0,0,0,0,0,0,0,0,0,0,0,1,0,0,0,0,1,1,0,0,0,0,0,0,0,0,0,0,1,0,0,0,0,0,0,0,0,0,32,28.75,1,5,5,5,5,33.4,5,20,3.825781816,2,2,89.5,0,0,1,0,0,1
20180222,0,1,0,0,1,0,0,0,0,0,0,0,0,1,0,0,1,0,0,0,1,0,0,0,1,0,0,0,0,0,0,0,0,0,0,0,0,0,0,0,0,1,89.5,87.5,2,1,0,1,1,79.4,0,80,-1.25246914,1,1,153,0,0,0,0,0,0
20180223,1,0,0,0,0,1,0,0,0,0,0,0,0,0,1,0,0,0,0,0,0,1,0,0,0,0,0,1,0,0,0,0,0,0,0,0,0,1,0,0,1,0,36,52.5,1,3,3,2,3,22.7,0,25,0.047531602,3,1,15.5,0,0,0,0,0,0
20180224,1,0,0,0,0,1,0,0,0,0,0,0,0,0,1,0,0,0,0,1,1,0,0,0,1,0,0,0,0,0,0,0,0,0,0,0,0,0,0,0,0,1,74,88.75,1,1,0,1,2,74.8,0,78.75,-1.151357971,1,1,15,0,0,0,0,0,0
20180225,0,1,0,0,0,0,1,0,0,0,0,0,0,0,0,1,0,0,0,0,0,0,0,0,1,1,0,0,0,0,0,0,0,0,0,0,0,0,0,1,0,0,45.5,57.5,2,3,3,5,3,29.6,0,45,-0.827665355,1,2,84.5,0,0,0,0,0,0
20180226,1,0,1,0,0,0,0,0,0,0,0,0,0,0,0,1,0,0,0,0,1,1,0,0,1,0,0,0,0,0,0,0,0,0,0,1,0,0,0,0,0,0,73.5,87.5,1,2,0,3,2,82.6,0,78.75,-0.827665355,1,1,202,0,0,0,0,0,1
20180227,0,1,0,0,1,0,0,0,0,0,0,0,0,1,0,0,0,0,0,0,1,0,0,0,1,0,1,0,0,0,0,0,0,0,0,0,0,0,0,0,0,0,65.5,76.25,1,2,0,5,2,59.7,0,63.75,0.047531602,1,1,136,0,0,0,0,0,1
20180228,0,1,0,0,1,0,0,0,0,0,0,0,0,1,0,0,0,0,0,0,1,1,0,0,1,0,0,0,0,0,0,0,0,0,0,0,0,0,0,0,0,0,60.5,75,1,5,0,5,4,34.2,0,31.25,0.596420804,2,1,18,0,0,0,0,0,0
20180229,1,0,0,0,0,1,0,0,0,0,0,0,0,0,1,0,0,0,0,0,1,1,0,0,1,0,0,0,0,0,0,0,0,0,0,0,0,0,0,0,0,0,71,83.75,1,2,0,5,3,64.2,0,60,-0.429135337,1,1,69.8,0,0,0,0,0,0
20180231,0,1,0,0,1,0,0,0,0,0,0,0,0,1,0,0,0,0,0,1,1,0,0,0,1,0,0,0,0,0,0,0,0,0,0,0,0,0,0,0,0,0,72.5,88.75,1,2,0,5,2,59.4,0,71.25,-0.819135559,1,1,62.5,0,0,1,0,0,1
20180232,0,1,0,0,0,0,1,0,0,0,0,0,0,0,0,1,0,0,0,1,1,0,0,0,1,0,0,0,0,0,0,0,0,0,0,0,0,0,0,0,0,0,46.5,52.5,1,3,0,5,2,50,0,48.75,-0.245984459,1,2,174,0,0,0,0,0,1
20180233,1,0,0,0,0,1,0,0,0,0,0,0,0,0,1,0,0,0,0,1,1,0,0,0,1,0,0,0,0,0,0,0,0,0,0,0,0,0,0,0,0,0,55,65,2,3,0,5,3,49.2,0,56.25,0.52419854,3,1,195,0,1,0,1,0,1
20180234,0,1,0,0,0,0,1,0,0,0,0,0,0,0,0,1,0,0,0,0,0,0,0,0,0,0,0,0,0,1,1,0,0,0,0,0,0,0,0,0,1,0,46.5,67.5,1,5,1,5,5,42.7,0,45,0.917377334,1,1,50.3,0,0,0,0,0,1
20180235,0,1,0,0,0,0,1,0,1,0,0,0,0,0,0,0,0,0,0,0,1,1,0,0,1,0,0,0,0,0,0,0,0,0,0,0,0,0,0,0,0,0,71.5,81.25,1,2,0,5,4,60.8,0,58.75,0.335696438,1,1,14.5,0,0,0,0,0,0
20180236,1,0,0,0,0,0,1,0,0,0,0,0,0,0,0,1,0,0,0,1,1,0,0,0,1,0,0,0,0,0,0,0,0,0,0,0,0,0,0,0,0,0,67.5,71.25,1,4,0,5,6,61.2,0,50,-0.245984459,1,1,208,0,0,0,0,0,1
20180237,1,0,0,0,0,1,0,0,0,0,0,0,0,0,1,0,0,0,0,0,1,1,0,0,0,0,0,0,0,0,0,0,0,0,0,0,0,0,1,0,0,0,56.5,67.5,1,3,0,5,2,50.5,0,65,-1.151357971,1,1,108.8,0,0,0,0,0,1
20180238,0,1,0,0,0,0,1,0,0,0,0,0,1,0,0,0,0,0,0,0,1,1,0,0,1,0,0,0,0,0,0,0,0,0,0,0,0,0,0,0,0,0,61.5,83.75,1,3,0,5,4,53,0,66.25,-0.827665355,1,1,34.8,1,0,0,0,0,0
20180239,1,0,0,0,0,1,0,0,0,0,0,0,0,0,1,0,0,0,0,0,1,1,0,0,0,0,0,0,0,0,1,0,0,0,0,0,0,0,0,0,0,0,57,77.5,1,2,0,5,3,43.5,0,55,-0.111357378,3,1,95.3,1,0,0,0,1,0
20180241,1,0,0,0,0,1,0,0,0,0,0,0,0,0,1,0,0,0,0,1,1,0,0,0,1,0,0,0,0,0,0,0,0,0,0,0,0,0,0,0,0,0,59.5,53.75,2,4,0,5,4,51.4,0,41.25,0.610865256,1,1,74,0,1,0,0,0,0
20180242,0,1,0,0,1,0,0,0,0,0,0,0,0,1,0,0,0,0,0,0,1,1,0,0,1,0,0,0,0,0,0,0,0,0,0,0,0,0,0,0,0,0,54.5,77.5,1,3,0,5,4,47.4,0,61.25,0.596420804,2,1,83.3,0,0,0,0,1,0
20180243,1,0,0,0,0,1,0,0,0,0,0,0,0,0,1,0,0,0,0,0,1,1,0,0,0,0,0,0,0,0,0,0,1,0,0,0,0,0,0,0,0,0,50.5,48.75,1,2,3,5,5,40.9,2,33.75,1.246421174,4,1,20.8,0,0,0,0,0,0
20180244,0,1,0,0,1,0,0,0,0,0,0,0,0,1,0,0,0,0,0,1,1,0,1,0,0,0,0,0,0,0,0,0,0,0,0,0,0,0,0,0,0,0,51.5,66.25,1,3,0,5,5,55.3,0,60,1.49197687,5,1,171.5,0,0,0,0,0,0
20180245,1,0,0,0,0,0,1,0,0,0,0,0,0,0,0,1,0,0,0,1,1,0,0,0,1,0,0,0,0,0,0,0,0,0,0,0,0,0,0,0,0,0,69.5,78.75,1,4,0,5,4,57.3,0,53.75,-0.827665355,1,1,114.5,0,0,0,0,0,1
20180246,0,1,0,0,1,0,0,0,0,0,0,0,0,1,0,0,0,0,0,0,1,1,0,0,1,0,0,0,0,0,0,0,0,0,0,0,0,0,0,0,0,0,77.5,86.25,1,3,0,5,2,57.3,0,70,-0.963580086,1,1,46,0,0,0,0,1,0
20180247,1,0,0,0,0,1,0,0,0,0,0,0,0,0,1,0,0,0,0,0,1,1,0,0,0,0,0,0,0,0,0,0,1,0,0,0,0,0,0,0,0,0,35,48.75,1,4,3,5,4,27.4,2,32.5,2.849755422,8,4,12.5,0,0,0,0,0,0
20180248,1,0,0,0,0,0,1,0,0,0,0,0,0,0,0,1,0,0,0,0,1,1,0,0,0,0,0,0,0,0,0,0,1,0,0,0,0,0,0,0,0,0,57,77.5,1,2,2,5,3,52.2,2,51.25,-0.245984459,1,1,115.8,0,0,0,0,0,1
20180249,1,0,0,0,0,1,0,0,0,0,0,0,0,0,1,0,0,0,1,1,0,0,0,0,0,0,0,0,0,0,0,0,1,0,0,0,0,0,0,0,0,0,58.5,48.75,1,3,5,5,5,41,4,33.75,1.939754903,1,1,167,0,0,0,0,1,0
20180250,1,0,0,0,0,0,1,0,0,0,0,0,0,0,0,1,0,0,0,1,1,0,0,0,1,0,0,0,0,0,0,0,0,0,0,0,0,0,0,0,0,0,63.5,67.5,1,5,0,5,5,52.9,0,55,-0.245984459,1,1,21.2,0,0,0,0,0,0
20180251,1,0,0,0,0,1,0,0,0,0,0,0,0,0,1,0,0,0,0,0,1,1,0,0,0,0,1,0,0,0,0,0,0,0,0,0,0,0,0,0,0,0,68.5,85,1,2,0,5,3,55.3,0,72.5,-0.588024316,3,1,219.3,0,0,0,0,1,0
20180252,0,1,0,0,1,0,0,0,0,0,0,0,0,1,0,0,0,0,0,1,1,0,0,0,1,0,0,0,0,0,0,0,0,0,0,0,0,0,0,0,0,0,65.5,73.75,2,3,0,5,4,45.7,0,58.75,0.047531602,1,1,49.5,1,1,0,0,0,0
20180253,0,1,0,0,1,0,0,0,0,0,0,0,0,1,0,0,0,0,0,1,1,0,0,0,1,0,0,0,0,0,0,0,0,0,0,0,0,0,0,0,0,0,83.5,85,2,3,0,5,3,82.7,0,76.25,0.408642919,1,1,57.5,1,0,0,0,1,0
20180254,0,1,0,0,1,0,0,0,0,0,0,0,0,1,0,0,0,0,0,0,1,1,0,0,1,0,0,0,0,0,0,0,0,0,0,0,0,0,0,0,0,0,57.5,76.25,1,2,0,5,3,56.7,0,61.25,0.68308752,1,1,224.8,0,0,0,1,1,0
20180255,0,1,0,0,1,0,0,0,0,0,0,0,0,1,0,0,0,0,0,1,1,0,0,0,1,0,0,0,0,0,0,0,0,0,0,0,0,0,0,0,0,0,47,55,1,3,0,5,3,42.8,0,47.5,0.625309709,3,3,32,0,0,0,0,0,0
20180256,1,0,0,0,0,1,0,0,0,0,0,0,0,0,1,0,0,0,0,1,1,0,0,0,1,0,0,0,0,0,0,0,0,0,0,0,0,0,0,0,0,0,77,87.5,1,3,0,5,3,77.8,0,76.25,-1.151357971,1,1,64,0,0,0,0,1,0
20180257,1,0,0,0,0,1,0,0,0,0,0,0,0,0,1,0,0,0,0,0,1,1,0,0,1,0,0,0,0,0,0,0,0,0,0,0,0,0,0,0,0,0,61.5,80,1,3,0,5,3,55.5,0,65,-0.515802053,1,1,55.5,0,0,1,0,0,1
20180258,1,0,0,0,0,1,0,0,0,0,0,0,0,0,1,0,1,0,0,1,1,0,0,0,0,0,0,0,0,0,0,0,0,0,0,1,0,0,0,0,0,0,93,90,1,1,0,3,1,84.7,0,80,-0.920246728,1,1,243.8,0,0,0,1,1,0
20180259,1,0,1,0,0,0,0,0,0,1,0,0,0,0,0,0,0,0,0,1,1,0,0,0,1,0,0,0,0,0,0,0,0,0,0,0,0,0,0,0,0,0,52,65,1,3,0,5,3,37.9,0,42.5,0.917377334,2,1,86.7,0,0,1,0,0,0
20180260,1,0,0,0,0,1,0,0,0,0,0,0,0,0,1,0,0,0,0,0,1,0,0,0,1,0,1,0,0,0,0,0,0,0,0,0,0,0,0,0,0,0,55,75,1,3,0,5,3,37.5,0,55,-0.039135114,5,2,68,1,0,0,0,0,0
20180261,1,0,0,0,0,1,0,0,0,0,0,0,0,0,1,0,0,0,0,0,1,1,0,0,0,0,0,0,0,0,0,0,1,0,0,0,0,0,0,0,0,0,47.5,66.25,1,4,3,5,4,45.2,2,50,1.318643438,3,2,84.8,0,0,0,0,1,0
20180262,0,1,0,1,0,0,0,0,0,0,0,0,0,1,0,0,0,0,0,1,1,0,0,0,1,0,0,0,0,0,0,0,0,0,0,0,0,0,0,0,0,0,57,41.25,1,4,0,5,4,43.9,0,46.25,0.335696438,1,2,36,0,0,0,0,0,1
20180263,0,1,0,0,1,0,0,0,0,0,0,0,0,1,0,0,0,0,0,0,0,0,0,0,1,1,0,0,0,0,0,0,0,0,0,0,0,0,0,1,0,0,42.5,56.25,1,3,2,5,6,42.8,4,38.75,1.49197687,4,3,16,0,0,0,0,0,0
20180264,1,0,0,0,0,1,0,0,0,0,0,0,0,0,1,0,1,0,0,0,0,0,1,0,1,0,0,0,0,0,0,0,0,1,0,0,0,0,0,0,0,0,74.5,87.5,1,1,0,2,1,76.7,0,77.5,-1.396913666,1,1,64.3,0,0,1,0,0,1
20180265,1,0,0,0,0,1,0,0,0,0,0,0,0,0,1,0,0,0,1,1,0,0,0,0,0,0,0,0,0,1,0,0,0,0,0,0,0,0,0,0,0,0,97,86.25,1,4,0,5,5,81.7,0,75,-0.761357748,1,1,19,0,0,0,0,0,0
20180266,1,0,0,0,0,0,1,0,0,0,0,0,0,0,0,1,0,0,0,1,1,0,0,0,0,0,1,0,0,0,0,0,0,0,0,0,0,0,0,0,0,0,50,61.25,1,2,0,5,5,44,0,45,0.917377334,1,2,46.5,0,0,0,0,0,0
20180267,1,0,0,1,0,0,0,0,0,0,0,0,0,0,1,0,0,0,0,0,1,1,0,0,0,0,0,0,0,0,0,0,1,0,0,0,0,0,0,0,0,0,34,18.75,1,4,6,5,5,27.8,5,10,6.152505402,3,2,35.8,0,0,1,0,0,0
20180268,1,0,0,0,0,1,0,0,0,0,0,0,0,0,1,0,0,0,0,0,1,1,1,0,0,0,0,0,0,0,0,0,0,0,0,0,0,0,0,0,0,0,60.5,78.75,1,2,0,5,3,47.8,0,56.25,0.047531602,2,1,74.5,0,0,0,0,0,1
20180269,0,1,0,0,1,0,0,0,0,0,0,0,0,1,0,0,0,0,0,1,1,0,0,0,1,0,0,0,0,0,0,0,0,0,0,0,0,0,0,0,0,0,70,76.25,1,6,0,5,5,47.6,0,56.25,0.336420655,1,1,63.5,0,0,0,0,0,1
20180270,0,1,0,0,0,0,1,0,0,0,0,0,1,0,0,0,0,0,0,1,1,0,0,0,1,0,0,0,0,0,0,0,0,0,0,0,0,0,0,0,0,0,63,72.5,1,3,0,5,6,58.8,0,58.75,-0.245984459,1,1,223,0,0,1,0,1,0
20180271,0,1,0,0,1,0,0,0,0,0,0,0,0,1,0,0,0,0,0,0,0,0,1,0,1,1,0,0,0,0,0,0,0,0,0,0,0,0,0,0,0,0,71.5,86.25,1,1,0,5,2,44.6,0,66.25,-0.486913147,3,1,24.3,1,0,0,0,0,0
20180272,0,1,0,0,1,0,0,0,0,0,0,0,0,1,0,0,0,0,0,0,1,1,0,0,1,0,0,0,0,0,0,0,0,0,0,0,0,0,0,0,0,0,58,83.75,1,2,0,5,3,50.6,0,68.75,-0.270246357,1,1,156.5,0,0,0,0,0,1
20180273,0,1,0,0,0,0,1,0,0,0,1,0,0,0,0,0,0,0,0,1,1,0,0,0,1,0,0,0,0,0,0,0,0,0,0,0,0,0,0,0,0,0,80,87.5,1,2,0,5,3,84.1,0,73.75,-0.245984459,2,1,114,0,0,0,0,0,1
20180274,0,1,0,0,0,0,1,0,0,0,0,0,1,0,0,0,0,0,0,0,1,1,0,0,1,0,0,0,0,0,0,0,0,0,0,0,0,0,0,0,0,0,67,80,1,2,0,5,4,50.7,0,55,-0.245984459,1,1,65,0,0,0,0,0,0
20180275,0,1,0,0,0,0,1,0,0,0,1,0,0,0,0,0,0,0,0,1,1,0,0,0,1,0,0,0,0,0,0,0,0,0,0,0,0,0,0,0,0,0,64.5,78.75,2,5,0,5,6,51.8,0,51.25,-0.827665355,1,1,99.5,0,0,1,0,0,0
20180276,0,1,0,0,1,0,0,0,0,0,0,0,0,1,0,0,0,0,0,0,1,1,0,0,1,0,0,0,0,0,0,0,0,0,0,0,0,0,0,0,0,0,63.5,81.25,2,2,0,5,3,58.7,0,66.25,-0.241357452,3,1,137.8,0,0,0,0,0,1
20180277,1,0,0,0,0,1,0,0,0,0,0,0,0,0,1,0,0,0,0,1,1,0,0,0,1,0,0,0,0,0,0,0,0,0,0,0,0,0,0,0,0,0,75,83.75,1,3,0,5,4,69,0,71.25,-0.515802053,1,1,61,0,0,0,0,0,1
20180278,1,0,0,0,0,1,0,0,0,0,0,0,0,0,1,0,0,0,0,0,1,1,0,0,1,0,0,0,0,0,0,0,0,0,0,0,0,0,0,0,0,0,63,76.25,1,3,0,5,5,61.9,0,65,0.625309709,1,1,94.3,1,0,0,0,0,1
20180279,0,1,0,0,1,0,0,0,0,0,0,0,0,1,0,0,0,0,0,1,1,0,0,0,1,0,0,0,0,0,0,0,0,0,0,0,0,0,0,0,0,0,74,81.25,2,3,0,5,5,61.3,0,66.25,-0.530246505,1,1,142,0,0,0,0,1,0
20180280,0,1,0,0,1,0,0,0,0,0,0,0,0,1,0,0,0,0,0,1,1,0,0,0,1,0,0,0,0,0,0,0,0,0,0,0,0,0,0,0,0,0,57,77.5,1,3,0,5,5,54.8,0,58.75,0.047531602,2,1,20,0,0,0,0,0,0
20180281,0,1,1,0,0,0,0,0,0,0,0,0,1,0,0,0,0,0,0,1,0,0,0,0,1,1,0,0,0,0,0,0,0,0,0,0,0,0,0,0,0,0,76,85,1,2,0,5,3,73.8,0,70,-0.827665355,1,1,39,0,0,0,0,1,0
20180282,0,1,0,0,1,0,0,0,0,0,0,0,0,1,0,0,0,0,0,0,1,1,0,0,0,0,0,0,0,0,0,0,0,0,0,0,0,0,1,0,0,0,77,85,1,2,0,5,2,73.3,0,75,-0.530246505,1,1,225.3,0,0,0,0,0,1
20180283,1,0,0,0,0,1,0,0,0,0,0,0,0,0,1,0,0,0,0,1,1,0,0,0,0,0,0,0,0,0,1,0,0,0,0,0,0,0,0,0,0,0,72,85,1,1,0,5,1,73.4,0,76.25,-1.151357971,1,1,87.3,1,0,0,0,0,1
20180284,0,1,0,0,0,0,1,0,0,0,0,0,1,0,0,0,0,0,0,1,1,0,0,0,1,0,0,0,0,0,0,0,0,0,0,0,0,0,0,0,0,0,68,77.5,1,2,0,5,5,58.5,0,52.5,0.335696438,1,1,30.8,0,1,0,0,0,0
20180285,1,0,0,1,0,0,0,0,0,0,0,1,0,0,0,0,0,0,0,1,1,0,0,0,1,0,0,0,0,0,0,0,0,0,0,0,0,0,0,0,0,0,67.5,70,1,4,0,5,5,49,0,42.5,1.499058231,1,2,25.5,0,0,0,0,0,0
20180286,1,0,0,0,0,0,1,0,0,0,0,0,0,0,0,1,0,0,0,1,1,0,0,0,1,0,0,0,0,0,0,0,0,0,0,0,0,0,0,0,0,0,74,81.25,1,5,0,5,5,75.4,0,67.5,-0.827665355,1,1,22,0,0,0,0,1,0
20180287,0,1,0,0,0,0,1,0,0,0,0,0,0,0,0,1,0,0,0,0,1,1,0,0,1,0,0,0,0,0,0,0,0,0,0,0,0,0,0,0,0,0,68.5,85,2,2,0,5,2,69.3,0,72.5,-0.245984459,1,1,95.3,1,0,0,0,0,1
20180288,1,0,0,0,0,0,1,0,0,0,0,0,0,0,0,1,0,0,0,1,1,0,0,0,0,0,0,0,0,0,0,0,1,0,0,0,0,0,0,0,0,0,89.5,87.5,2,3,1,5,4,69.7,1,71.25,-0.827665355,1,1,116.4,0,0,0,0,0,1
20180289,1,0,0,0,0,1,0,0,0,0,0,0,0,0,1,0,0,0,0,0,1,1,0,0,1,0,0,0,0,0,0,0,0,0,0,0,0,0,0,0,0,0,45,62.5,1,2,0,5,2,42.5,0,48.75,1.174198911,6,1,56.3,1,0,0,0,0,1
20180290,0,1,0,0,1,0,0,0,0,0,0,0,0,1,0,0,0,0,0,1,1,0,0,0,0,0,0,0,0,0,0,0,1,0,0,0,0,0,0,0,0,0,45.5,60,1,4,3,5,3,38.5,4,33.75,1.679754755,2,3,22.5,1,0,0,0,0,1
20180291,1,0,0,0,0,1,0,0,0,0,0,0,0,0,1,0,0,0,0,0,1,1,0,0,1,0,0,0,0,0,0,0,0,0,0,0,1,0,0,0,0,0,80.5,85,1,3,0,3,4,72.5,0,66.25,-0.429135337,1,1,104,0,0,0,0,0,1
20180292,0,1,0,0,0,0,1,0,0,0,0,0,1,0,0,0,0,0,0,1,1,0,0,0,0,0,0,0,0,0,0,0,1,0,0,0,0,0,0,0,0,0,53.5,57.5,1,3,3,5,3,53.8,0,47.5,-0.245984459,1,1,25,0,0,1,1,0,1
20180293,0,1,0,0,0,0,1,0,0,0,0,0,1,0,0,0,0,0,0,1,1,0,0,0,1,0,0,0,0,0,0,0,0,0,0,0,0,0,0,0,0,0,59.5,82.5,2,2,0,5,5,59.6,0,61.25,-0.245984459,2,1,35.5,0,0,0,0,0,0
20180294,0,1,0,0,0,0,1,0,0,0,0,0,1,0,0,0,0,0,0,1,1,0,0,0,1,0,0,0,0,0,0,0,0,0,0,0,0,0,0,0,0,0,57.5,72.5,1,2,0,5,4,43,0,53.75,0.335696438,1,1,46,1,0,0,1,0,0
20180295,0,1,0,0,1,0,0,0,0,0,0,0,0,1,0,0,0,0,0,1,1,0,0,0,1,0,0,0,0,0,0,0,0,0,0,0,0,0,0,0,0,0,54.5,70,0,1,0,5,3,43.9,0,57.5,-0.674691032,1,1,45.3,0,0,0,0,0,1
20180296,0,1,0,0,1,0,0,0,0,0,0,0,0,1,0,0,0,0,0,1,1,0,0,0,1,0,0,0,0,0,0,0,0,0,0,1,0,0,0,0,0,0,72.5,87.5,1,2,0,4,3,74.6,0,75,0.047531602,1,1,23,0,0,0,0,0,0
20180297,1,0,0,0,0,1,0,0,0,0,0,0,0,0,1,0,0,0,0,1,1,0,0,0,1,0,0,0,0,0,0,0,0,0,0,0,0,0,0,0,0,0,86,85,0,3,0,5,4,76.9,0,75,-0.429135337,1,1,113,0,0,0,0,0,1
20180298,1,0,0,0,0,1,0,0,0,0,0,0,0,0,1,0,0,0,0,0,1,1,0,0,1,0,0,0,0,0,0,0,0,0,0,0,0,0,0,0,0,0,66,81.25,2,3,0,5,3,69.7,0,66.25,-0.674691032,1,1,100.8,0,0,1,1,0,1
20180299,1,0,0,0,0,0,1,0,0,1,0,0,0,0,0,0,0,0,0,1,1,0,0,0,1,0,0,0,0,0,0,0,0,0,0,0,0,0,0,0,0,0,70,85,1,2,0,5,4,63.2,0,68.75,0.335696438,1,1,50,0,0,1,0,0,0
20180300,1,0,0,0,0,0,1,0,0,0,0,0,0,0,0,1,0,0,0,0,0,0,0,0,1,1,0,0,0,0,0,0,0,0,0,0,0,0,0,1,0,0,52.5,60,1,2,2,5,3,39.6,3,45,0.335696438,2,1,18,0,0,0,0,0,0
20180301,1,0,0,0,0,0,1,0,0,1,0,0,0,0,0,0,0,0,0,1,0,0,0,0,1,1,0,0,0,0,0,0,0,0,0,0,0,0,0,0,0,0,55,61.25,1,2,0,5,5,44.3,0,52.5,0.335696438,1,1,72,0,0,0,0,0,0
20180302,1,0,0,0,0,0,1,0,0,0,0,0,0,0,0,1,0,0,0,0,1,1,0,0,1,0,0,0,0,0,0,0,0,0,0,0,0,0,0,0,0,0,62.5,78.75,1,2,0,5,4,63.6,0,62.5,0.335696438,2,1,126,0,0,1,0,0,1
20180303,1,0,0,0,0,1,0,0,0,0,0,0,0,0,1,0,0,0,0,1,1,0,0,0,0,0,0,0,0,0,0,0,1,0,0,0,0,0,0,0,0,0,39.5,50,1,3,5,5,4,19.6,0,16.25,0.610865256,3,1,38,0,0,1,0,0,0
20180304,1,0,0,0,0,1,0,0,0,0,0,0,0,0,1,0,0,0,0,0,1,1,0,0,1,0,0,0,0,0,0,0,0,0,0,0,1,0,0,0,0,0,69,73.75,1,2,0,1,2,56,0,71.25,-0.761357748,2,1,70,0,0,1,0,0,1
20180305,1,0,0,0,0,1,0,0,0,0,0,0,0,0,1,0,0,0,0,0,1,1,0,0,1,0,0,0,0,0,0,0,0,0,0,1,0,0,0,0,0,0,82,88.75,1,2,0,3,3,74.7,0,76.25,-1.396913666,1,1,45,0,1,0,1,0,0
20180306,0,1,0,0,1,0,0,0,0,0,0,0,0,1,0,0,0,0,0,0,1,1,0,0,1,0,0,0,0,0,0,0,0,0,0,0,0,0,0,0,0,0,71,78.75,1,2,0,5,3,61.5,0,67.5,-0.270246357,2,1,88.8,0,0,1,0,0,1
20180307,0,1,0,0,1,0,0,0,0,0,0,0,0,1,0,0,0,0,0,0,0,0,1,0,1,0,0,0,0,0,1,0,0,0,0,0,0,0,0,0,0,0,47.5,57.5,2,3,0,5,4,47.9,0,50,0.68308752,2,1,91.2,0,0,0,0,1,0
20180308,0,1,0,0,1,0,0,0,0,0,0,0,0,1,0,0,0,0,0,1,1,0,0,0,1,0,0,0,0,0,0,0,0,0,0,0,0,0,0,0,0,0,77,87.5,1,2,0,5,3,65.7,0,71.25,-1.079135707,1,1,199,0,0,0,0,0,1
20180309,1,0,0,0,0,0,1,0,0,0,0,0,0,0,0,1,0,0,0,1,0,0,0,0,1,0,0,0,0,1,0,0,0,0,0,0,0,0,0,0,0,0,42,50,1,4,0,5,6,41.7,0,43.75,0.917377334,1,1,171.5,0,0,0,0,1,0
20180311,0,1,0,0,1,0,0,0,0,0,0,0,0,1,0,0,0,0,0,0,0,0,0,0,0,0,0,0,0,1,1,0,1,0,0,0,0,0,0,0,0,0,49.5,77.5,1,4,2,5,4,53.7,1,66.25,0.885309857,6,1,98,0,0,0,0,0,0
20180312,1,0,0,0,0,1,0,0,0,0,0,0,0,0,1,0,0,0,0,0,1,1,0,0,1,0,0,0,0,0,0,0,0,0,0,0,0,0,0,0,0,0,65,80,1,2,0,5,3,63.1,0,63.75,0.293087297,2,1,84,0,0,0,0,1,0
20180313,0,1,0,0,0,0,1,0,0,0,0,0,0,0,0,1,0,0,0,0,0,0,1,0,1,1,0,0,0,0,0,0,0,0,0,0,0,0,0,0,0,0,66,80,2,2,0,5,4,58.1,0,66.25,-0.245984459,1,1,97,1,0,0,0,0,0
20180314,1,0,0,0,0,1,0,0,0,0,0,0,0,0,1,0,0,0,0,0,1,1,0,0,1,0,0,0,0,0,0,0,0,0,0,0,0,0,0,0,0,0,75,83.75,1,2,0,5,5,79.3,0,70,-0.429135337,1,1,166.5,0,0,0,0,0,1
20180315,0,1,0,0,1,0,0,0,0,0,0,0,0,1,0,0,0,0,0,0,1,1,0,0,1,0,0,0,0,0,0,0,0,0,0,0,1,0,0,0,0,0,64,81.25,2,4,0,1,4,61.3,0,67.5,0.365309561,1,1,139.3,0,0,0,0,0,1
20180316,1,0,0,0,0,0,1,0,0,0,0,0,1,0,0,0,0,0,0,1,1,0,0,0,1,0,0,0,0,0,0,0,0,0,0,0,0,0,0,0,0,0,78.5,77.5,2,4,0,5,3,62.9,0,67.5,-0.245984459,1,1,32.5,0,0,1,0,0,0
20180317,1,0,0,0,0,0,1,0,0,0,0,0,1,0,0,0,0,0,0,0,0,1,1,0,0,0,0,0,0,0,0,0,0,0,0,0,0,0,0,0,1,0,36,53.75,1,2,1,5,4,34.3,0,28.75,-0.827665355,3,1,58,0,0,1,0,0,1
20180318,1,0,0,1,0,0,0,0,0,0,0,0,0,0,0,1,0,0,0,0,1,1,0,0,0,0,0,0,0,0,0,0,1,0,0,0,0,0,0,0,0,0,50.5,66.25,1,5,2,5,6,33.2,3,22.5,2.662420024,3,1,66,0,1,0,0,0,0
20180319,0,1,0,0,0,0,1,0,1,0,0,0,0,0,0,0,0,0,0,0,1,1,0,0,1,0,0,0,0,0,0,0,0,0,0,0,0,0,0,0,0,0,73.5,80,1,4,0,5,4,71.3,0,68.75,-0.827665355,1,1,92.5,0,0,1,0,0,1
20180320,1,0,0,0,0,0,1,0,0,1,0,0,0,0,0,0,0,0,0,1,1,0,0,0,1,0,0,0,0,0,0,0,0,0,0,0,0,0,0,0,0,0,72,85,1,2,0,5,2,47.5,0,70,-0.827665355,2,1,88,0,0,1,0,0,0
20180321,1,0,1,0,0,0,0,1,0,0,0,0,0,0,0,0,0,0,0,1,1,0,0,0,1,0,0,0,0,0,0,0,0,0,0,0,0,0,0,0,0,1,60.5,85,2,2,0,3,3,67.7,0,71.25,-0.827665355,1,1,241.5,0,0,0,0,0,1
20180322,1,0,0,0,0,1,0,0,0,0,0,0,0,0,1,0,0,0,0,1,1,0,0,0,0,0,0,0,0,0,1,0,0,0,0,0,0,0,0,0,0,0,62.5,73.75,1,5,0,5,5,53.3,0,62.5,-0.819135559,1,1,117.8,0,0,0,0,0,1
20180323,0,1,0,0,0,0,1,0,0,0,0,0,1,0,0,0,0,0,0,1,1,0,0,0,1,0,0,0,0,0,0,0,0,0,0,0,0,0,0,0,0,0,71.5,73.75,1,3,0,5,5,60.1,0,57.5,0.335696438,1,1,53,0,0,0,0,0,0
20180324,1,0,0,0,0,1,0,0,0,0,0,0,0,0,1,0,0,0,0,1,1,0,0,0,1,0,0,0,0,0,0,0,0,0,0,0,0,0,0,0,0,0,81,87.5,1,2,0,5,3,71.3,0,76.25,-1.396913666,1,1,217,0,0,0,0,1,0
20180325,1,0,0,0,0,1,0,0,0,0,0,0,0,0,1,0,0,0,0,0,1,1,0,0,1,0,0,0,0,0,0,0,0,0,0,0,0,0,0,0,0,0,75,87.5,1,2,0,5,2,44.9,0,68.75,-1.151357971,1,1,87,0,0,0,0,1,0
20180326,1,0,0,0,0,0,1,0,0,0,0,0,0,0,0,1,0,0,0,0,1,0,0,0,1,0,0,0,0,0,0,0,0,0,0,0,0,0,0,0,1,0,40.5,52.5,1,4,4,5,4,33.8,0,26.25,-0.827665355,1,1,29,0,0,0,1,0,0
20180327,0,1,0,0,0,0,1,0,0,0,0,0,0,0,0,1,0,0,0,0,1,1,0,0,1,0,0,0,0,0,0,0,0,0,0,0,0,0,0,0,0,0,56,77.5,1,3,0,5,5,53,0,60,-0.245984459,1,1,111,0,0,0,0,1,0
20180328,0,1,0,0,0,0,1,0,0,0,0,0,0,0,0,1,0,0,0,0,1,1,0,0,1,0,0,0,0,0,0,0,0,0,0,0,0,0,0,0,0,0,61,77.5,1,3,0,5,3,54.1,0,63.75,-0.245984459,1,1,81.8,0,0,0,0,0,1
20180329,0,1,0,0,1,0,0,0,0,0,0,0,0,1,0,0,0,0,0,1,1,0,0,0,1,0,0,0,0,0,0,0,0,0,0,0,0,0,0,0,0,0,76.5,87.5,1,1,0,5,3,66.8,0,73.75,-0.674691032,1,1,68.8,0,0,1,0,0,1
20180330,1,0,0,0,0,0,1,0,0,1,0,0,0,0,0,0,0,0,0,1,1,0,0,0,1,0,0,0,0,0,0,0,0,0,0,0,0,0,0,0,0,0,56,65,1,5,0,5,5,38.4,0,42.5,0.335696438,2,2,115.2,0,0,1,0,0,1
20180331,0,1,0,0,1,0,0,0,0,0,0,0,0,1,0,0,0,0,0,0,0,0,1,0,1,0,1,0,0,0,0,0,0,0,0,0,0,0,0,0,0,0,72.5,85,1,1,0,5,2,69.3,0,68.75,-1.108024613,1,1,133.3,1,0,0,0,0,1
20180332,0,1,0,1,0,0,0,0,0,0,0,0,0,1,0,0,0,0,0,0,1,1,0,0,0,0,0,0,0,0,0,0,1,0,0,0,0,0,0,0,0,0,19,52.5,1,2,2,5,3,22.6,4,33.75,2.662420024,4,3,79.5,0,0,0,0,0,0
20180334,1,0,0,0,0,0,1,0,0,1,0,0,0,0,0,0,0,0,0,0,1,1,0,0,1,0,0,0,0,0,0,0,0,0,0,0,0,0,0,0,0,0,61,77.5,1,4,0,5,3,45.1,0,50,-0.827665355,1,1,37.5,0,0,1,0,0,0
20180335,1,0,0,0,0,1,0,0,0,0,0,0,0,0,1,0,0,0,0,0,1,1,0,0,0,0,0,0,0,0,0,0,1,0,0,0,0,0,0,0,0,0,43.5,52.5,1,4,2,5,5,34.3,4,16.25,2.618644179,8,2,69.8,0,0,0,0,0,1
20180336,0,1,0,0,1,0,0,0,0,0,0,0,0,1,0,0,0,0,0,0,1,1,0,0,0,0,1,0,0,0,0,0,0,0,0,0,0,0,0,0,0,0,84.5,90,2,1,0,5,2,73.3,0,78.75,-1.396913666,1,1,105.8,0,0,1,0,0,1
20180337,1,0,0,0,0,1,0,0,0,0,0,0,0,0,1,0,0,0,0,0,1,1,0,0,0,0,0,0,0,0,0,0,1,0,0,0,0,0,0,0,0,0,41,52.5,1,2,2,5,3,42.7,3,50,2.127532788,6,1,19.5,0,0,0,0,0,0
20180338,1,0,0,0,0,1,0,0,0,0,0,0,0,0,1,0,0,0,0,1,1,0,0,0,1,0,0,0,0,0,0,0,0,1,0,0,0,0,0,0,0,0,81.5,87.5,1,2,0,2,3,75.8,0,77.5,-0.819135559,1,1,82,0,0,0,0,1,0
20180339,0,1,0,0,1,0,0,0,0,0,0,0,0,1,0,0,0,0,0,0,1,1,0,0,1,0,0,0,0,0,0,0,0,0,0,1,0,0,0,0,0,0,64.5,85,2,2,0,4,3,63.8,0,72.5,-0.588024316,1,1,181.5,0,0,0,0,0,1
20180340,1,0,0,0,0,1,0,0,0,0,0,0,0,0,1,0,0,0,1,0,0,0,0,0,0,0,0,0,0,0,1,0,0,0,0,0,0,0,0,0,1,0,29,40,1,6,5,5,6,29,0,32.5,0.52419854,3,1,61.5,1,0,0,0,0,1
20180341,1,0,0,0,0,1,0,0,0,0,0,0,0,0,1,0,0,0,0,0,1,1,0,0,1,0,0,0,0,0,0,0,0,0,0,0,0,0,0,0,0,0,37.5,58.75,1,2,0,5,1,34.3,0,45,1.246421174,4,1,48,1,0,0,0,0,0
20180342,1,0,0,0,0,0,1,0,0,0,0,0,0,0,0,1,0,0,0,0,1,1,0,0,1,0,0,0,0,0,0,0,0,0,0,0,0,0,0,0,0,0,55,66.25,1,3,0,5,3,43.3,0,50,0.335696438,2,1,82.3,1,0,0,0,0,0
20180343,1,0,0,0,0,1,0,0,0,0,0,0,0,0,1,0,0,0,0,0,0,0,0,0,1,1,0,0,0,0,0,0,0,0,0,0,0,0,0,1,0,0,28,32.5,1,4,4,5,6,33,3,27.5,2.214199504,5,2,38,0,0,1,0,0,0
20180344,0,1,0,0,1,0,0,0,0,0,0,0,0,1,0,0,0,0,0,1,1,0,0,0,1,0,0,0,0,0,0,0,0,0,0,0,0,0,0,0,0,0,72,83.75,1,2,0,5,3,55,0,62.5,1.130865553,4,1,85.5,0,0,0,0,0,1
20180345,0,1,0,0,0,0,1,0,0,0,0,0,0,0,0,1,0,0,0,0,1,1,0,0,1,0,0,0,0,0,0,0,0,0,0,0,0,0,0,0,0,0,47.5,66.25,1,2,0,5,4,44.8,0,46.25,-0.245984459,1,1,12.3,0,0,0,0,0,0
20180346,0,1,0,0,1,0,0,0,0,0,0,0,0,1,0,0,0,0,0,0,1,1,0,0,1,0,0,0,0,0,0,0,0,0,0,0,0,0,0,0,0,0,60.5,78.75,1,2,0,5,3,49.5,0,66.25,-0.588024316,1,1,93.5,0,0,0,0,0,0
20180348,1,0,0,0,0,0,1,0,0,0,0,0,0,0,0,1,0,0,0,0,0,0,1,0,1,1,0,0,0,0,0,0,0,0,0,0,0,0,0,0,0,0,49.5,81.25,1,1,0,5,3,46.8,0,67.5,-0.245984459,1,1,43.3,0,0,0,0,0,0
20180349,0,1,0,0,1,0,0,0,0,0,0,0,0,1,0,0,0,0,0,1,1,0,0,0,0,0,0,0,0,0,0,0,1,0,0,0,0,0,0,0,0,0,63,70,1,3,2,5,4,42.7,2,40,2.401977389,6,1,120,0,0,0,0,0,0
20180350,1,0,0,0,0,0,1,0,0,0,0,0,0,0,0,1,0,0,0,0,1,1,0,0,1,0,0,0,0,0,0,0,0,0,0,0,0,0,0,0,0,0,48.5,68.75,1,4,0,5,5,50.8,0,61.25,0.335696438,1,1,60.5,0,0,1,0,0,1
20180351,1,0,0,0,0,1,0,0,0,0,0,0,0,0,1,0,0,0,0,1,1,0,0,0,0,0,0,0,0,0,1,0,0,0,0,0,0,0,0,0,0,0,75.5,82.5,1,3,0,5,4,55.8,0,63.75,-0.920246728,1,1,55.3,0,1,0,0,0,0
20180352,1,0,0,0,0,1,0,0,0,0,0,0,0,0,1,0,0,0,0,0,1,1,0,0,0,0,0,0,0,0,1,0,0,0,0,0,0,0,0,0,0,0,63.5,78.75,1,2,0,5,3,53.8,0,61.25,-1.079135707,1,1,102.3,0,0,0,0,1,0
20180353,0,1,0,0,1,0,0,0,0,0,0,0,0,1,0,0,0,0,0,0,1,0,0,0,1,1,0,0,0,0,0,0,0,0,0,0,0,0,0,0,0,0,77.5,88.75,1,1,0,5,1,68.7,0,73.75,-0.111357378,3,1,29,0,0,0,0,0,0
20180354,0,1,0,0,1,0,0,0,0,0,0,0,0,1,0,0,0,0,0,1,1,0,0,0,1,0,0,0,0,0,0,0,0,0,0,0,0,0,0,0,0,0,51.5,55,1,3,0,5,3,50.3,0,56.25,0.408642919,1,1,16,0,0,0,0,0,0
20180355,0,1,0,0,0,0,1,0,0,0,0,0,1,0,0,0,0,0,0,1,1,0,0,0,1,0,0,0,0,0,0,0,0,0,0,0,0,0,0,0,0,0,69,80,1,3,0,5,6,64.6,0,62.5,-0.245984459,1,1,88.8,0,0,0,0,0,1
20180356,1,0,0,0,0,1,0,0,0,0,0,0,0,0,1,0,0,0,0,0,1,1,0,0,1,0,0,0,0,0,0,0,0,0,0,0,1,0,0,0,0,0,71,86.25,2,2,0,2,3,74.5,0,76.25,-1.396913666,1,1,61,0,0,1,1,0,0
20180357,1,0,0,0,0,1,0,0,0,0,0,0,0,0,1,0,0,0,0,0,1,1,0,0,1,0,0,0,0,0,0,0,0,0,0,0,0,0,0,0,0,0,62.5,80,1,3,0,5,4,46.7,0,43.75,1.174198911,5,1,58.5,0,0,0,0,0,1
20180358,1,0,0,0,0,1,0,0,0,0,0,0,0,0,1,0,0,0,0,0,0,0,0,0,1,0,1,0,0,0,0,0,0,0,0,0,0,0,0,0,1,0,19.5,20,1,5,7,5,6,20.2,7,7.5,2.4597552,7,3,66,1,0,0,0,0,1
20180359,0,1,0,0,1,0,0,0,0,0,0,0,0,1,0,0,0,0,0,1,1,0,0,0,1,0,0,0,0,0,0,0,0,0,0,1,0,0,0,0,0,0,72.5,85,1,2,0,4,3,63.8,0,68.75,0.365309561,1,1,56,0,0,0,0,0,1
20180360,0,1,0,0,1,0,0,0,0,0,0,0,0,1,0,0,0,0,1,0,1,0,0,0,0,0,0,0,0,0,0,0,1,0,0,0,0,0,0,0,0,0,63.5,83.75,1,2,1,5,2,42.5,3,58.75,1.679754755,2,1,233,0,0,0,1,0,1
20180361,0,1,0,0,0,0,1,0,0,0,0,0,1,0,0,0,0,0,0,0,1,1,0,0,1,0,0,0,0,0,0,0,0,0,0,0,0,0,0,0,0,0,60,81.25,1,2,0,5,4,52,0,52.5,-0.245984459,1,1,145.8,0,1,0,0,0,0
20180362,0,1,0,0,1,0,0,0,0,0,0,0,0,1,0,0,0,0,0,1,1,0,0,0,1,0,0,0,0,0,0,0,0,0,0,0,0,0,0,0,0,0,45.5,53.75,2,4,0,5,4,54.3,0,60,-0.111357378,1,1,62.5,0,0,1,1,0,1
20180363,0,1,0,0,1,0,0,0,0,0,0,0,0,1,0,0,0,0,0,0,1,1,0,0,0,1,0,0,0,0,0,0,0,0,0,0,0,0,0,0,0,0,55,78.75,1,2,0,5,3,57.3,0,62.5,-0.819135559,1,1,197.8,0,0,0,0,1,0
20180365,1,0,0,0,0,1,0,0,0,0,0,0,0,0,1,0,0,0,0,0,1,1,0,0,1,0,0,0,0,0,0,0,0,0,0,0,1,0,0,0,0,0,72,85,2,3,0,2,2,74.1,0,77.5,-1.396913666,1,1,270.5,0,1,0,0,1,0
20180366,0,1,0,0,0,0,1,0,0,0,0,0,1,0,0,0,0,0,0,0,1,1,0,0,0,0,0,0,0,0,0,0,1,0,0,0,0,0,0,0,0,0,70,85,1,3,1,5,4,56.7,2,67.5,-0.827665355,1,1,95.5,0,0,1,0,0,0
20180367,0,1,1,0,0,0,0,0,0,0,0,0,0,1,0,0,0,0,0,1,1,0,0,0,1,0,0,0,0,0,0,0,0,0,0,0,0,0,0,0,0,0,71,80,2,2,0,5,3,50.1,0,55,0.335696438,1,1,92,1,0,0,0,0,0
20180368,1,0,0,0,0,1,0,0,0,0,0,0,0,0,1,0,0,0,0,0,1,1,0,0,1,0,0,0,0,0,0,0,0,0,0,0,0,0,0,0,0,0,54,75,1,2,0,5,3,45.8,0,52.5,0.408642919,4,1,47,0,0,0,0,0,0
20180369,0,1,0,0,1,0,0,0,0,0,0,0,0,1,0,0,0,0,0,1,1,0,0,0,1,0,0,0,0,0,0,0,0,0,0,0,0,0,0,0,0,0,67,75,1,4,0,5,4,63.4,0,67.5,0.235309487,1,1,5,0,0,0,0,0,0
20180370,1,0,0,0,0,1,0,0,0,0,0,0,0,0,1,0,0,0,0,1,1,0,0,0,1,0,0,0,0,0,0,0,0,1,0,0,0,0,0,0,0,0,81.5,86.25,1,2,0,2,3,70.7,0,71.25,-1.151357971,1,1,96.5,0,0,0,0,1,0
20180371,1,0,0,0,0,0,1,0,0,0,0,0,0,0,0,1,0,0,0,1,1,0,0,0,0,0,0,0,0,0,1,0,0,0,0,0,0,0,0,0,0,0,58.5,72.5,1,3,0,5,5,48.7,0,56.25,0.335696438,1,2,28.8,0,0,0,0,0,0
20180372,0,1,0,0,1,0,0,0,0,0,0,0,0,1,0,0,0,0,0,0,1,1,0,0,1,0,0,0,0,0,0,0,0,0,0,0,0,0,0,0,0,0,53.5,71.25,2,3,0,5,5,43.8,0,30,-0.082468472,1,1,37.5,0,0,0,0,0,0
20180373,1,0,0,0,0,0,1,0,0,0,0,0,0,0,0,1,0,0,0,1,1,0,0,0,0,0,0,0,0,1,0,0,0,0,0,0,0,0,0,0,0,0,66.5,77.5,1,3,0,5,5,42,0,32.5,0.917377334,1,1,109.3,0,0,0,0,0,1
20180374,1,0,0,1,0,0,0,0,0,0,0,0,0,0,0,1,0,0,0,1,1,0,0,0,0,0,0,0,0,0,0,0,1,0,0,0,0,0,0,0,0,0,43,35,1,3,2,5,6,42.6,3,25,3.825781816,1,2,34,0,0,1,0,0,0
20180375,1,0,0,0,0,1,0,0,0,0,0,0,0,0,1,0,0,0,0,1,0,0,0,0,1,0,0,0,1,0,0,0,0,0,0,0,0,0,0,0,0,0,72,80,1,2,0,5,2,71.3,0,77.5,-0.602468769,1,1,11.5,0,0,0,0,0,0
20180376,0,1,0,1,0,0,0,0,0,0,0,0,0,0,0,1,0,0,0,1,1,0,0,0,1,0,0,0,0,0,0,0,0,0,0,0,0,0,0,0,0,0,52,53.75,1,4,0,5,6,55.3,0,50,1.499058231,1,1,15.5,1,0,0,0,0,0
20180377,1,0,0,0,0,0,1,0,0,0,0,0,0,0,0,1,0,0,0,0,0,0,1,0,1,1,0,0,0,0,0,0,0,0,0,0,0,0,0,0,0,0,42,68.75,1,2,0,5,5,36.2,0,55,0.335696438,1,1,241.5,0,0,1,1,0,1
20180378,0,1,0,0,1,0,0,0,0,0,0,0,0,1,0,0,0,0,0,0,1,1,0,0,1,0,0,0,0,0,0,0,0,1,0,0,0,0,0,0,0,0,87.5,90,1,1,0,2,1,84.8,0,80,-1.266913592,1,1,28,0,0,0,0,0,0
20180379,0,1,0,0,0,0,1,0,1,0,0,0,0,0,0,0,0,0,0,1,1,0,0,0,1,0,0,0,0,0,0,0,0,0,0,0,0,0,0,0,0,0,62.5,76.25,1,2,0,5,4,63.8,0,60,-0.827665355,1,1,41,0,0,0,0,0,1
20180380,0,1,0,0,1,0,0,0,0,0,0,0,0,1,0,0,0,0,0,0,1,1,0,0,1,0,0,0,0,0,0,0,0,0,0,0,0,0,0,0,0,0,57,47.5,1,3,0,5,2,47.6,0,70,0.206420581,4,1,30,0,0,0,0,0,0
20180381,0,1,0,0,0,0,1,0,0,0,0,0,0,0,0,1,0,0,0,1,1,0,0,0,0,0,0,0,0,0,0,0,1,0,0,0,0,0,0,0,0,0,45,58.75,1,3,3,5,3,43.8,4,41.25,-0.827665355,1,1,60.5,0,0,0,0,0,1
20180382,0,1,0,0,1,0,0,0,0,0,0,0,0,1,0,0,0,0,0,0,1,1,0,0,1,0,0,0,0,0,0,0,0,0,0,0,0,0,0,0,0,0,58,63.75,1,4,0,5,3,51.1,0,40,1.49197687,3,1,102.3,0,0,1,0,0,0
20180384,0,1,0,0,0,0,1,0,0,0,0,0,0,0,0,1,0,0,0,1,1,0,0,0,1,0,0,0,0,0,0,0,0,0,0,0,0,0,0,0,0,0,47,51.25,1,2,0,5,5,50.4,0,56.25,-0.827665355,1,1,14,0,1,0,0,0,0
20180385,0,1,0,0,1,0,0,0,0,0,0,0,0,1,0,0,0,0,0,1,1,0,0,0,1,0,0,0,0,0,0,0,0,0,0,1,0,0,0,0,0,0,73,87.5,3,1,0,3,3,75.5,0,73.75,-0.429135337,1,1,67,0,0,0,0,0,0
20180386,0,1,0,0,0,0,1,0,0,0,0,0,0,0,0,1,0,0,0,0,0,0,1,0,1,0,1,0,0,0,0,0,0,0,0,0,0,0,0,0,0,0,45,83.75,1,2,0,5,2,49.8,0,67.5,0.917377334,2,2,98,0,0,0,0,0,0
20180387,0,1,0,0,1,0,0,0,0,0,0,0,0,1,0,0,0,0,0,0,1,1,0,0,1,0,0,0,0,0,0,0,0,0,0,0,1,0,0,0,0,0,66.5,82.5,2,2,0,1,2,69.8,0,71.25,-0.674691032,1,1,55,0,0,1,1,0,1
20180388,0,1,0,1,0,0,0,0,1,0,0,0,0,0,0,0,0,0,0,1,1,0,0,0,0,0,0,0,0,0,0,0,1,0,0,0,0,0,0,0,0,0,24.5,21.25,1,5,6,5,6,22.1,0,7.5,2.662420024,2,1,14,0,0,0,0,0,0
20180389,1,0,0,0,0,0,1,0,0,0,0,0,0,0,0,1,0,0,0,0,1,1,0,0,1,0,0,0,0,0,0,0,0,0,0,0,0,0,0,0,0,0,74,83.75,1,3,0,5,3,67.2,0,68.75,-0.827665355,1,1,67,0,0,0,0,0,1
20180390,1,0,0,0,0,1,0,0,0,0,0,0,0,0,1,0,0,0,0,1,1,0,0,0,1,0,0,0,0,0,0,0,0,0,0,0,0,0,0,0,0,0,65.5,86.25,3,1,0,5,1,65.6,0,76.25,-1.151357971,1,1,136,0,0,1,1,0,0
20180391,1,0,0,0,0,1,0,0,0,0,0,0,0,0,1,0,0,0,0,0,1,0,0,0,0,0,1,0,0,0,0,0,1,0,0,0,0,0,0,0,0,0,62,76.25,1,3,2,5,4,52.5,3,56.25,1.405310154,4,2,91,0,0,0,0,0,0
20180392,1,0,0,0,0,1,0,0,0,0,0,0,0,0,1,0,0,0,0,0,1,1,0,0,1,0,0,0,0,0,0,0,0,0,0,0,0,0,0,0,0,0,50.5,60,1,3,0,5,3,50,0,58.75,-0.920246728,1,1,134.5,0,0,0,0,0,1
20180393,1,0,0,1,0,0,0,0,0,0,0,0,0,0,0,1,0,0,0,0,0,0,0,0,1,0,1,0,0,0,0,0,0,0,0,0,0,0,0,1,0,0,42.5,56.25,1,4,3,5,4,35.2,0,46.25,-0.245984459,1,1,75.5,0,0,0,0,0,0
20180395,1,0,0,0,0,1,0,0,0,0,0,0,0,0,1,0,0,0,0,1,1,0,0,0,1,0,0,0,0,0,0,0,0,0,0,0,0,0,0,0,0,0,66.5,80,1,2,0,5,4,51.7,0,62.5,-0.356913073,1,1,147,0,0,0,0,0,1
20180396,1,0,0,0,0,1,0,0,0,0,0,0,0,0,1,0,0,0,0,0,0,1,0,0,1,0,0,0,0,0,0,0,0,0,0,0,0,0,0,0,1,0,35,46.25,1,3,2,5,4,29.2,0,26.25,1.405310154,3,3,114,0,0,0,0,0,1
20180397,1,0,0,0,0,1,0,0,0,0,0,0,0,0,1,0,0,0,0,0,1,0,0,0,0,0,0,0,0,0,1,0,1,0,0,0,0,0,0,0,0,0,25.5,47.5,1,3,3,5,5,38,3,30,2.214199504,3,2,110,1,0,0,0,0,1
20180398,0,1,0,0,0,0,1,0,1,0,0,0,0,0,0,0,0,0,0,1,1,0,0,0,1,0,0,0,0,0,0,0,0,0,0,0,0,0,0,0,0,0,78.5,77.5,1,3,0,5,3,68.3,0,70,-0.245984459,1,1,110,0,0,0,0,0,1
20180399,0,1,0,0,1,0,0,0,0,0,0,0,0,1,0,0,0,0,0,0,1,1,0,0,1,0,0,0,0,0,0,0,0,0,0,0,0,0,0,0,0,0,71,80,1,4,0,5,4,58,0,67.5,0.047531602,2,1,102.3,0,0,0,0,0,0
20180400,0,1,0,0,1,0,0,0,0,0,0,0,0,1,0,0,0,0,0,0,1,1,0,0,0,0,1,0,0,0,0,0,0,0,0,0,0,0,0,0,0,0,78,87.5,1,2,0,5,3,69.1,0,76.25,-0.920246728,1,1,77.6,0,0,0,0,1,0
20180401,1,0,0,0,0,1,0,0,0,0,0,0,0,0,1,0,0,0,0,0,1,1,0,0,1,0,0,0,0,0,0,0,0,0,0,0,0,0,0,0,0,0,29,53.75,1,3,0,5,4,40.8,0,46.25,1.49197687,2,1,41.8,0,0,1,0,0,0
20180402,1,0,0,0,0,0,1,0,0,0,0,1,0,0,0,0,0,0,0,1,1,0,0,0,1,0,0,0,0,0,0,0,0,0,0,0,0,0,0,0,0,0,50,61.25,1,3,0,5,4,34.5,0,31.25,0.917377334,2,1,90.5,0,0,0,0,0,0
20180403,1,0,0,0,0,0,1,0,0,0,1,0,0,0,0,0,0,0,0,0,1,1,0,0,0,0,0,0,0,1,0,0,0,0,0,0,0,0,0,0,0,0,59.5,67.5,1,4,0,5,3,42.8,0,51.25,0.917377334,3,1,113.3,0,0,1,0,0,1
20180404,0,1,0,0,0,0,1,0,0,0,1,0,0,0,0,0,0,0,0,1,1,0,0,0,1,0,0,0,0,0,0,0,0,0,0,0,0,0,0,0,0,0,76.5,86.25,1,3,0,5,5,72.9,0,66.25,-0.245984459,1,1,185,0,0,0,0,1,0
20180405,1,0,0,0,0,1,0,0,0,0,0,0,0,0,1,0,0,0,0,0,1,1,0,0,0,0,0,0,0,0,0,0,1,0,0,0,0,0,0,0,0,0,51,52.5,2,3,4,5,5,45.8,3,42.5,1.49197687,1,1,14,0,0,0,0,0,0
20180406,0,1,0,0,0,0,1,0,0,0,1,0,0,0,0,0,0,0,0,1,1,0,1,0,0,0,0,0,0,0,0,0,0,0,0,0,0,0,0,0,0,0,54.5,67.5,1,3,0,5,3,43.16,0,47.5,0.335696438,2,1,51.5,0,0,0,0,0,0
20180407,1,0,0,0,0,1,0,0,0,0,0,0,0,0,1,0,0,0,0,1,1,0,0,0,1,0,0,0,0,0,0,0,0,0,0,0,0,0,0,0,0,0,69,73.75,1,5,0,5,5,65.3,0,58.75,-0.039135114,1,1,15,1,0,0,0,0,0
20180408,1,0,0,0,0,1,0,0,0,0,0,0,0,0,1,0,0,0,0,0,1,1,0,0,1,0,0,0,0,0,0,0,0,0,0,0,0,0,0,0,0,0,70,81.25,2,2,0,5,3,59.6,0,68.75,-0.833580012,2,1,65.8,0,0,0,0,0,1
20180409,1,0,0,0,0,1,0,0,0,0,0,0,0,0,1,0,0,0,0,0,1,0,0,0,1,0,1,0,0,0,0,0,0,0,0,0,0,0,0,0,0,0,41.9,10,1,3.4,0,5,2,52.1,0,63.75,-0.992468991,1,1,102,0,0,1,0,0,0
20180410,1,0,0,0,0,0,1,0,0,0,0,0,0,0,0,1,0,0,0,0,1,1,1,0,0,0,0,0,0,0,0,0,0,0,0,0,1,0,0,0,0,0,68.5,86.25,1,1,0,2,3,69.5,0,73.75,-0.827665355,1,1,113,0,1,0,0,0,1
20180411,0,1,0,0,1,0,0,0,0,0,0,0,0,1,0,0,0,0,0,1,1,0,0,0,1,0,0,0,0,0,0,0,0,0,0,0,0,0,0,0,0,0,71.5,75,1,4,0,5,6,62.5,0,50,1.49197687,1,1,13.5,0,0,0,0,0,0
20180412,0,1,0,0,1,0,0,0,0,0,0,0,0,1,0,0,0,0,0,0,1,1,0,0,1,0,0,0,0,0,0,0,0,0,0,0,0,0,0,0,0,0,62,81.25,1,2,0,5,3,47.8,0,61.25,-0.111357378,1,2,85,1,0,0,0,0,1
20180413,1,0,0,0,0,1,0,0,0,0,0,0,0,0,1,0,0,0,0,0,1,1,0,0,1,0,0,0,0,0,0,0,0,0,0,0,0,0,0,0,0,0,58.5,70,1,2,0,5,3,41.5,0,45,0.293087297,4,1,138.8,0,1,0,0,0,1
20180414,1,0,0,1,0,0,0,0,0,1,0,0,0,0,0,0,0,0,0,0,1,0,0,0,0,1,0,0,0,0,0,0,1,0,0,0,0,0,0,0,0,0,46,58.75,1,3,2,5,3,44.8,4,36.25,2.080739127,2,2,22,0,0,0,0,0,0
20180415,0,1,0,0,0,0,1,0,0,0,0,0,0,0,0,1,0,0,0,1,1,0,0,0,1,0,0,0,0,0,0,0,0,0,0,0,0,0,0,0,0,0,61.5,72.5,2,4,0,5,5,50.3,0,51.25,-0.245984459,1,1,37.5,0,0,0,0,0,0
20180416,0,1,0,0,0,0,1,0,0,0,0,0,0,0,0,1,0,0,0,1,1,0,0,0,1,0,0,0,0,0,0,0,0,0,0,0,0,0,0,0,0,0,48,58.75,1,4,0,5,5,48.5,0,50,-0.245984459,1,1,44.9,0,0,0,0,0,1
20180417,0,1,0,0,0,0,1,0,0,0,0,0,0,0,0,1,0,0,0,1,1,0,0,0,1,0,0,0,0,0,0,0,0,0,0,0,0,0,0,0,0,0,67.5,82.5,1,2,0,5,4,55.5,0,61.25,-0.245984459,1,1,163.5,0,0,0,0,1,0
20180419,0,1,0,0,1,0,0,0,0,0,0,0,0,1,0,0,0,0,0,0,0,0,1,0,1,0,1,0,0,0,0,0,0,0,0,0,0,0,0,0,0,0,55.5,76.25,2,1,0,5,2,50.3,0,58.75,-0.241357452,4,1,187.3,0,0,1,0,0,1
20180420,0,1,0,0,1,0,0,0,0,0,0,0,0,1,0,0,0,0,0,0,1,1,0,0,1,0,0,0,0,0,0,0,0,0,0,0,0,0,0,0,0,0,75.5,87.5,1,2,0,5,2,71.8,0,77.5,-1.238024687,1,1,18,0,0,1,0,0,0
20180421,0,1,0,0,1,0,0,0,0,0,0,0,0,1,0,0,0,0,0,1,1,0,0,0,1,0,0,0,0,0,0,0,0,0,0,1,0,0,0,0,0,0,80.5,87.5,1,2,0,3,4,76,0,73.75,-1.079135707,1,1,156,0,0,1,0,0,1
20180422,0,1,0,0,1,0,0,0,0,0,0,0,0,1,0,0,0,0,0,0,1,0,0,0,1,1,0,0,0,0,0,0,0,0,0,0,0,0,0,0,0,0,53.5,67.5,2,2,0,5,2,37.4,0,43.75,0.68308752,2,2,118.5,0,0,1,0,0,0
20180423,1,0,0,0,0,1,0,0,0,0,0,0,0,0,1,0,0,0,0,0,1,1,0,0,1,0,0,0,0,0,0,0,0,0,0,0,0,0,0,0,0,0,83,87.5,1,2,0,5,1,76.1,0,78.75,-1.180246876,1,1,126.5,0,0,1,0,0,1
20180424,0,1,0,0,1,0,0,0,0,0,0,0,0,1,0,0,0,0,0,1,1,0,0,0,0,0,0,0,0,0,0,0,1,0,0,0,0,0,0,0,0,0,82,85,1,3,2,5,4,74.9,3,71.25,0.957532121,1,1,45,0,0,0,0,0,0
20180425,1,0,0,0,0,0,1,0,0,0,0,0,0,0,0,1,0,0,0,0,1,1,0,0,1,0,0,0,0,0,0,0,0,0,0,0,0,0,0,0,0,0,57.5,78.75,1,3,0,5,2,71.9,0,75,-0.827665355,1,1,93.5,0,0,0,0,0,1
20180426,0,1,0,0,0,0,1,0,0,0,1,0,0,0,0,0,0,0,0,0,1,1,0,0,1,0,0,0,0,0,0,0,0,0,0,0,0,0,0,0,0,0,55,72.5,1,4,0,5,5,59,0,58.75,0.335696438,1,1,194.8,0,0,0,0,0,1
20180427,0,1,0,0,1,0,0,0,0,0,0,0,0,1,0,0,0,0,0,1,1,0,0,0,1,0,0,0,0,0,0,0,0,0,0,0,0,0,0,0,0,1,60,82.5,2,1,0,2,2,62,0,70,-0.111357378,2,1,74.5,0,1,0,0,1,0
20180428,0,1,0,0,0,0,1,0,0,0,0,0,1,0,0,0,0,0,0,0,1,1,0,0,1,0,0,0,0,0,0,0,0,0,0,0,0,0,0,0,0,0,70,81.25,1,3,0,5,5,63.8,0,65,-0.245984459,1,1,50.8,0,0,1,0,0,0
20180429,1,0,0,0,0,1,0,0,0,0,0,0,0,0,1,0,0,0,0,1,1,0,0,0,0,0,1,0,0,0,0,0,0,0,0,0,0,0,0,0,0,0,61.5,76.25,1,2,0,5,4,46.6,0,58.75,0.408642919,3,1,16.5,0,0,0,0,0,0
20180430,0,1,0,0,1,0,0,0,0,0,0,0,0,1,0,0,0,0,0,0,0,0,1,0,1,1,0,0,0,0,0,0,0,0,0,0,0,0,0,0,0,0,71,86.25,1,1,0,5,3,57.7,0,67.5,0.235309487,3,1,37.5,0,0,0,0,1,0
20180431,0,1,0,0,1,0,0,0,0,0,0,0,0,1,0,0,0,0,1,1,0,0,0,0,0,0,0,0,0,0,0,0,1,0,0,0,0,0,0,0,0,0,65.5,73.75,1,3,2,5,5,46.7,5,45,2.214199504,1,1,72,0,0,0,0,0,1
20180432,1,0,0,0,0,0,1,0,0,0,0,0,0,0,0,1,0,0,0,0,1,1,0,0,1,0,0,0,0,0,0,0,0,0,0,0,0,0,0,0,0,0,73,83.75,1,2,0,5,4,51.5,0,58.75,-0.827665355,1,1,115.6,0,0,0,0,0,1
20180433,1,0,0,0,0,1,0,0,0,0,0,0,0,0,1,0,0,0,0,0,1,1,0,0,0,0,0,0,0,0,0,1,0,0,0,0,0,0,0,0,0,0,47.5,63.75,1,3,0,5,3,48.8,0,50,1.405310154,4,2,35.3,0,1,0,0,0,0
20180434,1,0,0,0,0,1,0,0,0,0,0,0,0,0,1,0,0,0,0,0,1,1,0,0,1,0,0,0,0,0,0,0,0,0,0,0,0,0,0,0,0,0,48,61.25,1,2,0,5,3,46.3,0,52.5,0.206420581,2,1,38.8,1,0,0,0,0,0
20180436,1,0,0,0,0,1,0,0,0,0,0,0,0,0,1,0,0,0,0,0,1,1,0,0,1,0,0,0,0,0,0,0,0,0,0,0,0,0,0,0,0,0,49.5,58.75,1,4,0,5,4,51.1,0,51.25,0.293087297,3,1,89.5,0,0,0,0,0,1
20180438,0,1,0,0,0,0,1,0,1,0,0,0,0,0,0,0,0,0,0,0,1,1,0,0,1,0,0,0,0,0,0,0,0,0,0,0,1,0,0,0,0,0,53,81.25,2,1,0,2,2,55.8,0,76.25,-0.827665355,1,1,447.5,0,0,0,0,0,1
20180439,0,1,0,1,0,0,0,0,0,0,0,0,0,0,0,1,0,0,0,0,1,0,0,0,1,0,0,0,0,0,0,0,0,0,0,0,0,0,0,1,0,0,36.5,21.25,0,4,1.4,5,5,46.8,7,40,6.734186299,3,4,53,0,0,0,0,0,0
20180441,1,0,0,0,0,0,1,0,0,0,0,0,0,0,0,1,0,0,0,0,1,1,0,0,1,0,0,0,0,0,0,0,0,0,0,0,0,0,0,0,0,0,50.5,72.5,1,4,0,5,3,52.8,0,57.5,-0.827665355,1,1,51,1,0,0,0,0,0
20180442,1,0,0,0,0,1,0,0,0,0,0,0,0,0,1,0,0,0,0,1,1,0,0,0,1,0,0,0,0,0,0,0,0,0,0,0,0,0,0,0,0,0,73,65,1,3,0,5,4,68.8,0,61.25,-0.356913073,1,1,50.5,1,0,0,0,0,0
20180443,0,1,0,0,0,0,1,0,0,0,0,0,1,0,0,0,0,0,0,0,1,1,0,0,0,0,1,0,0,0,0,0,0,0,0,0,0,0,0,0,0,0,73,86.25,1,3,0,5,4,63.8,0,70,-0.245984459,1,1,92.3,0,0,1,0,0,1
20180444,1,0,0,0,0,1,0,0,0,0,0,0,0,0,1,0,1,0,0,1,1,0,0,0,0,0,0,0,0,0,0,0,0,1,0,0,0,0,0,0,0,0,91.5,90,2,1,0,1,1,92.1,0,80,-0.920246728,1,1,151,0,0,0,0,0,1
20180445,1,0,0,0,0,0,1,0,0,0,1,0,0,0,0,0,0,0,0,1,0,0,0,0,1,0,1,0,0,0,0,0,0,0,0,0,0,0,0,0,0,0,56,68.75,1,3,0,5,4,42.8,0,48.75,-0.245984459,1,1,74,0,0,1,0,0,0
20180446,1,0,0,0,0,0,1,1,0,0,0,0,0,0,0,0,0,0,0,1,1,0,0,0,0,0,0,0,0,0,0,0,0,0,0,0,0,0,1,0,0,0,70.5,86.25,1,3,0,5,3,70.4,0,71.25,-0.827665355,1,1,73.7,0,0,0,0,0,0
20180447,0,1,0,1,0,0,0,0,0,0,0,0,0,1,0,0,0,0,0,0,1,0,0,0,1,0,1,0,0,0,0,0,0,0,0,0,0,0,0,0,0,0,77.5,82.5,1,2,0,5,3,44.1,0,57.5,0.335696438,1,1,36,0,0,0,0,0,0
20180448,0,1,0,0,0,0,1,0,0,0,0,0,1,0,0,0,0,0,0,0,1,1,1,0,0,0,0,0,0,0,0,0,0,0,0,0,0,0,0,0,0,0,63.5,78.75,2,3,0,5,4,45,0,61.25,-0.245984459,2,1,225.5,0,0,0,0,0,0
20180450,0,1,0,0,0,0,1,0,0,0,0,0,0,0,0,1,0,0,0,0,1,0,1,0,1,0,0,0,0,0,0,0,0,0,0,0,0,0,0,0,0,0,67.5,77.5,1,3,0,5,4,68.2,0,62.5,-0.827665355,1,1,103,0,0,0,1,1,0
20180451,1,0,0,0,0,1,0,0,0,0,0,0,0,0,1,0,0,0,0,0,1,1,0,0,0,0,0,0,0,0,1,0,0,0,0,0,0,0,0,0,0,0,53.5,70,1,4,0,5,5,47.7,0,61.25,0.928643215,5,2,153.1,0,0,0,0,1,0
20180452,1,0,0,0,0,0,1,0,0,0,0,0,0,0,0,1,0,0,0,0,1,1,0,0,1,0,0,0,0,0,0,0,0,0,0,0,0,0,0,0,0,0,58,71.25,1,2,0,5,3,53.1,0,47.5,0.335696438,1,1,102,0,0,0,0,0,1
20180453,0,1,0,0,1,0,0,0,0,0,0,0,0,1,0,0,0,0,0,0,0,0,1,0,1,0,1,0,0,0,0,0,0,0,0,0,0,0,0,0,0,0,42,58.75,1,3,0,5,3,37,0,45,0.856420952,2,1,65.5,0,0,0,1,0,1
20180454,1,0,0,0,0,1,0,0,0,0,0,0,0,0,1,0,0,0,0,0,1,1,0,0,1,0,0,0,0,0,0,0,0,0,0,0,0,0,0,0,0,0,53.5,66.25,1,2,0,5,4,53,0,56.25,0.52419854,3,1,59.8,0,0,1,0,0,1
20180455,0,1,0,0,1,0,0,0,0,0,0,0,0,1,0,0,0,0,0,0,1,1,0,0,1,0,0,0,0,0,0,0,0,0,0,1,0,0,0,0,0,0,74.5,88.75,1,2,0,3,2,79.3,0,77.5,-1.108024613,1,1,51,0,1,0,0,0,0
20180456,1,0,0,0,0,1,0,0,0,0,0,0,0,0,1,0,0,0,0,1,1,0,0,0,0,0,0,0,0,0,1,0,0,0,0,0,0,0,0,0,0,0,79.5,87.5,1,2,0,5,2,71.3,0,77.5,-1.396913666,1,1,248.8,0,1,0,0,1,0
20180457,1,0,0,0,0,1,0,0,0,0,0,0,0,0,1,0,0,1,0,1,0,0,0,0,1,0,0,0,0,0,0,0,0,0,1,0,0,0,0,0,0,0,77,75,1,5,0,4,3,73.2,0,68.75,-1.396913666,1,1,14,0,0,0,0,0,0
20180458,0,1,0,0,1,0,0,0,0,0,0,0,0,1,0,0,0,0,0,0,1,1,0,0,1,0,0,0,0,0,0,0,0,0,0,0,0,0,0,0,0,0,64,86.25,1,1,0,5,3,51.9,0,68.75,-0.313579715,1,1,189,0,0,0,1,1,0
20180459,0,1,0,0,1,0,0,0,0,0,0,0,0,1,0,0,0,0,0,1,1,0,0,0,0,0,0,0,0,0,0,0,1,0,0,0,0,0,0,0,0,0,65.5,76.25,1,3,2,5,3,50.9,2,53.75,1.853088187,6,1,20,0,1,0,0,0,0
20180460,1,0,0,0,0,1,0,0,0,0,0,0,0,0,1,0,0,0,0,0,1,1,0,0,0,0,0,0,0,0,0,1,0,0,0,0,0,0,0,0,0,0,76.5,82.5,1,2,0,5,2,67.1,0,67.5,-0.515802053,1,1,76.3,0,0,0,0,0,1
20180461,1,0,0,0,0,1,0,0,0,0,0,0,0,0,1,0,0,0,0,1,1,0,0,0,1,0,0,0,0,0,0,0,0,0,0,0,0,0,0,0,0,0,70.5,81.25,2,2,0,5,2,42,0,48.75,-0.039135114,1,1,232,1,1,0,1,0,1
20180463,0,1,0,0,0,0,1,0,0,0,0,0,0,0,0,1,0,0,0,0,0,0,1,0,1,0,1,0,0,0,0,0,0,0,0,0,0,0,0,0,0,0,50,72.5,1,2,0,5,2,34,0,58.75,0.917377334,1,1,56.5,0,0,0,0,0,1
20180464,0,1,0,0,1,0,0,0,0,0,0,0,0,1,0,0,0,0,0,1,1,0,0,0,1,0,0,0,0,0,0,0,0,0,0,0,0,0,0,0,0,0,61.5,75,2,2,0,5,4,55.8,0,60,-0.313579715,1,1,70,0,1,0,0,0,1
20180465,0,1,0,0,1,0,0,0,0,0,0,0,0,1,0,0,0,0,0,1,1,0,0,0,1,0,0,0,0,0,0,0,0,0,0,0,0,0,0,0,0,0,70.5,86.25,1,2,0,5,3,44.1,0,55,0.480865182,2,2,51,1,0,0,0,0,0
20180466,0,1,0,0,1,0,0,0,0,0,0,0,0,1,0,0,1,0,0,0,0,0,1,0,0,1,0,0,0,0,0,0,0,0,0,0,0,0,0,0,0,0,48,75,2,1,0,5,2,45.4,0,55,0.769754236,3,2,89.3,0,0,0,1,0,0
20180467,1,0,0,0,0,1,0,0,0,0,0,0,0,0,1,0,0,0,0,0,1,1,0,0,1,0,0,0,0,0,0,0,0,0,0,0,0,0,0,0,0,0,53.5,68.75,1,2,0,5,2,51.1,0,58.75,-0.761357748,2,1,103.8,0,0,0,0,0,1
20180468,1,0,0,0,0,1,0,0,0,0,0,0,0,0,1,0,0,0,0,0,1,1,0,0,0,0,0,0,0,0,1,0,0,0,0,0,0,0,0,0,0,0,58,75,1,3,0,5,4,46.5,0,46.25,-0.111357378,1,1,65.3,0,0,0,0,0,0
20180469,0,1,0,0,1,0,0,0,0,0,0,0,0,1,0,0,0,0,0,0,1,1,0,0,1,0,0,0,0,0,0,0,0,0,0,0,0,0,0,0,0,0,76,87.5,1,2,0,5,3,63.6,0,73.75,0.047531602,3,1,84.5,0,0,1,0,0,1
20180470,1,0,0,0,0,0,1,0,0,0,0,0,0,0,0,1,0,0,0,0,0,0,1,0,1,0,1,0,0,0,0,0,0,0,0,0,0,0,0,0,0,0,32,67.5,1,3,0,5,4,38.3,0,53.75,-0.245984459,2,1,37.5,0,0,0,0,0,0
20180471,1,0,0,1,0,0,0,0,0,0,0,1,0,0,0,0,0,0,0,1,1,0,0,0,1,0,0,0,0,0,0,0,0,0,0,0,0,0,0,0,0,0,59.5,68.75,1,3,0,5,4,40.5,0,51.25,2.080739127,2,1,47,0,0,0,0,0,1
20180472,0,1,0,0,1,0,0,0,0,0,0,0,0,1,0,0,0,0,0,0,1,1,0,0,1,0,0,0,0,0,0,0,0,0,0,0,0,0,0,0,0,0,55.5,75,1,2,0,5,5,53.1,0,52.5,0.625309709,2,1,95,0,0,0,0,0,1
20180473,1,0,0,1,0,0,0,0,0,0,0,0,0,0,0,1,0,0,0,1,1,0,0,0,0,0,1,0,0,0,0,0,0,0,0,0,0,0,0,0,0,0,53,47.5,1,3,0,5,6,42.5,0,25,2.662420024,1,2,37.5,0,0,0,0,0,0
20180474,1,0,0,0,0,1,0,0,0,0,0,0,0,0,1,0,0,0,0,0,1,1,0,0,0,0,0,0,0,0,0,0,1,0,0,0,0,0,0,0,0,0,43.5,51.25,1,3,2,5,4,31.3,0,11.25,-0.198024094,1,1,95,0,0,0,0,0,1
20180475,0,1,0,0,0,0,1,0,0,0,0,0,0,0,0,1,0,0,0,0,1,1,0,0,1,0,0,0,0,0,0,0,0,0,0,0,0,0,0,0,0,0,75.5,80,1,4,0,5,4,66.7,0,70,-0.245984459,1,1,63.3,0,0,0,0,0,0
20180476,1,0,0,0,0,1,0,0,0,0,0,0,0,0,1,0,0,0,0,0,1,1,0,0,0,0,0,0,0,0,1,0,0,0,0,0,0,0,0,0,0,0,69,85,1,2,0,5,3,67.1,0,68.75,-1.151357971,1,1,366.5,0,0,0,0,1,0
20180477,1,0,0,0,0,1,0,0,0,0,0,0,0,0,1,0,0,0,0,0,0,0,1,0,1,0,1,0,0,0,0,0,0,0,0,0,0,0,0,0,0,0,57,73.75,1,2,0,5,4,49.7,0,51.25,0.495309635,1,1,46,0,0,1,1,0,1
20180478,1,0,0,0,0,0,1,0,0,0,0,0,1,0,0,0,0,0,0,1,1,0,0,0,1,0,0,0,0,0,0,0,0,0,0,0,0,0,0,0,0,0,71,80,1,3,0,5,4,47.3,0,46.25,-0.245984459,1,1,84.5,0,0,0,0,1,0
20180479,0,1,0,0,1,0,0,0,0,0,0,0,0,1,0,0,0,0,0,1,1,0,0,0,1,0,0,0,0,0,0,0,0,0,0,0,0,0,0,0,0,0,58.5,72.5,1,3,0,5,4,51.5,0,57.5,0.596420804,5,1,102.5,0,0,0,0,0,0
20180480,0,1,0,0,0,0,1,0,1,0,0,0,0,0,0,0,0,0,0,0,1,1,0,0,0,0,1,0,0,0,0,0,0,0,0,0,0,0,0,0,0,0,67,87.5,1,2,0,5,5,50.4,0,58.75,-0.245984459,1,1,88.8,0,0,1,0,0,0
20180481,0,1,1,0,0,0,0,0,0,0,0,0,0,1,0,0,0,0,0,1,1,0,0,0,1,0,0,0,0,0,0,0,0,0,0,0,0,0,0,0,0,0,56.5,72.5,1,3,0,5,4,48.8,0,60,0.335696438,1,1,82.5,0,0,1,0,0,0
20180483,1,0,0,0,0,1,0,0,0,0,0,0,0,0,1,0,0,0,0,0,1,1,0,0,0,0,0,0,0,0,1,0,0,0,0,0,0,0,0,0,0,0,48.5,68.75,2,2,0,5,3,58.1,0,71.25,-0.920246728,1,1,150.8,0,0,0,0,0,1
20180484,1,0,0,0,0,1,0,0,0,0,0,0,0,0,1,0,0,0,0,0,1,0,0,0,1,0,0,0,0,0,1,0,0,0,0,0,0,0,0,0,0,0,38.5,40,1,3,0,5,4,38.3,0,48.75,-0.111357378,2,1,65,0,0,0,0,0,0
20180485,1,0,0,0,0,1,0,0,0,0,0,0,0,0,1,0,0,0,0,1,1,0,0,0,0,0,0,0,0,0,0,0,0,0,0,0,0,0,1,0,0,0,59,73.75,2,2,0,5,3,50,0,52.5,-0.819135559,3,1,65,0,0,0,0,1,0
20180486,0,1,0,0,1,0,0,0,0,0,0,0,0,1,0,0,0,0,0,1,1,0,0,0,1,0,0,0,0,0,0,0,0,0,0,0,0,0,0,0,0,0,72,81.25,1,3,0,5,4,56.9,0,61.25,-0.12580183,1,1,92,0,0,1,0,0,1
20180487,0,1,0,0,1,0,0,0,0,0,0,0,0,1,0,0,0,0,0,0,1,1,0,0,1,0,0,0,0,0,0,0,0,1,0,0,0,0,0,0,0,0,77,80,1,2,0,4,3,69.7,0,66.25,-0.096912925,1,1,44.5,0,0,0,1,0,0
20180488,1,0,0,0,0,0,1,0,0,0,0,0,0,0,0,1,0,0,0,1,1,0,0,0,1,0,0,0,0,0,0,0,0,0,0,0,0,0,0,0,0,0,67.5,75,1,2,0,5,5,57.5,0,65,-0.245984459,1,1,105.8,0,0,1,0,0,1
20180489,1,0,0,0,0,1,0,0,0,0,0,0,0,0,1,0,0,0,0,0,1,1,0,0,1,0,0,0,0,0,0,0,0,0,0,0,0,0,0,0,0,0,69.5,83.75,1,2,0,5,3,66.1,0,72.5,-0.674691032,1,1,252,0,0,1,0,0,1
20180490,1,0,0,0,0,1,0,0,0,0,0,0,0,0,1,0,0,0,0,0,1,1,0,0,0,0,0,0,0,0,1,0,0,0,0,0,0,0,0,0,0,0,73,87.5,1,2,0,5,2,68.5,0,77.5,-1.396913666,1,1,190.6,0,0,0,0,1,0
20180491,1,0,0,0,0,0,1,0,0,0,0,0,0,0,0,1,0,0,0,0,1,1,0,0,1,0,0,0,0,0,0,0,0,0,0,0,0,0,0,0,0,0,67.5,78.75,1,3,0,5,5,39.3,0,45,-0.827665355,2,1,67,0,0,0,0,0,1
20180492,0,1,0,0,0,0,1,0,0,0,0,0,0,0,0,1,0,1,0,1,0,0,0,0,1,0,0,0,0,0,0,0,0,0,1,0,0,0,0,0,0,0,81.5,76.25,1,4,0,2,7,75.8,0,65,0.335696438,1,1,102,0,0,0,0,0,0
20180493,0,1,0,0,1,0,0,0,0,0,0,0,0,1,0,0,0,0,0,1,1,0,0,0,0,0,0,0,0,0,0,0,1,0,0,0,0,0,0,0,0,0,63.5,65,1,3,4,5,4,40.8,2,45,1.679754755,4,1,14.5,0,0,0,0,0,0
20180494,0,1,0,0,0,0,1,0,0,0,1,0,0,0,0,0,0,0,0,0,1,1,0,0,0,0,1,0,0,0,0,0,0,0,0,0,0,0,0,0,0,0,28,51.25,2,4,0,5,4,28.6,0,43.75,0.335696438,2,1,126.5,1,0,0,0,0,0
20180495,1,0,0,0,0,1,0,0,0,0,0,0,0,0,1,0,0,0,0,0,1,1,0,0,0,0,0,0,0,0,0,0,0,0,0,0,0,0,0,1,0,0,52.5,77.5,1,2,2,5,3,48.8,3,65,1.49197687,5,2,150.2,0,0,0,0,0,1
20180496,0,1,0,0,0,0,1,0,1,0,0,0,0,0,0,0,0,0,0,1,1,0,0,0,1,0,0,0,0,0,0,0,0,0,0,0,0,0,0,0,0,0,49.5,46.25,1,6,0,5,5,47,0,42.5,-0.245984459,1,1,94.5,0,0,0,0,0,1
20180497,1,0,0,0,0,1,0,0,0,0,0,0,0,0,1,0,0,0,0,0,1,1,0,0,1,0,0,0,0,0,0,0,0,0,0,0,0,0,0,0,0,0,78.5,88.75,2,1,0,5,1,70.4,0,78.75,-1.151357971,1,1,218.5,0,1,1,0,0,1
20180498,0,1,0,0,1,0,0,0,0,0,0,0,0,1,0,0,0,0,0,0,1,0,0,0,0,1,0,0,0,0,0,0,1,0,0,0,0,0,0,0,0,0,49.5,43.75,1,5,5,5,4,51.1,2,37.5,1.809754829,4,1,123,0,0,0,0,1,0
20180499,1,0,0,0,0,0,1,0,0,0,0,0,0,0,0,1,0,0,0,0,1,0,0,0,0,0,1,0,0,0,0,0,1,0,0,0,0,0,0,0,0,0,29,35,1,4,2,5,5,26.3,0,25,0.335696438,1,1,79,0,0,0,0,0,0
20180500,1,0,0,0,0,1,0,0,0,0,0,0,0,0,1,0,0,0,0,0,1,1,0,0,0,0,0,0,0,0,1,0,0,0,0,0,0,0,0,0,0,0,57.5,80,1,3,0,5,4,51.8,0,60,-0.515802053,2,1,138.3,0,0,0,0,1,0